Age,Gender,City,Position,Years of experience,Years of experience in Germany,Level,Main technology,Other technologies,Yearly salary,Yearly bonus + stocks,Yearly salary one year ago,Vacation days,Employment status,Сontract duration,Main language at work,Company size,Company type,Have you lost your job due to the coronavirus outbreak?
39.0,Female,Berlin,Software Engineer,10,10,Senior,Java,"Javascript / Typescript, SQL",70500.0,1000,68000.0,30,Full-time employee,Unlimited contract,German,101-1000,Consulting / Agency,No
26.0,Female,Munich,Data Scientist,6,2,Middle,Python,"Python, C/C++, SQL, Docker",60000.0,10000,60000.0,26,Full-time employee,Unlimited contract,English,1000+,Product,No
35.0,Female,Berlin,Reporting Engineer,3,2,Middle,Power BI,"Python, Javascript / Typescript, SQL, SAP / ABAP, Google Cloud, Azure",55000.0,3000,45000.0,31,Full-time employee,Unlimited contract,German,1000+,Product,No
30.0,Female,Berlin,QA Engineer,5,3,Middle,Python,"Python, Kubernetes, Docker, Ansible",50000.0,4000,50000.0,30,Full-time employee,Unlimited contract,German,101-1000,Product,No
30.0,Female,Munich,Mobile Developer,10,3.5,Senior,Swift,"Kotlin, Javascript / Typescript",65000.0,5000,65000.0,30,Full-time employee,Unlimited contract,English,1000+,Product,No
36.0,Female,Berlin,QA Engineer,14,7,Lead,Java,Kotlin,69000.0,6900,63000.0,30,Full-time employee,Unlimited contract,English,11-50,Product,No
26.0,Female,Berlin,Software Engineer,6,4,Senior,.NET,".NET, SQL, Azure, Docker",65000.0,1000,56000.0,27,Full-time employee,Unlimited contract,English,101-1000,Product,No
31.0,Female,Stuttgart,Data Scientist,4,2,Middle,R,"Python, R, Azure",65000.0,73000,62000.0,30,Full-time employee,Unlimited contract,German,1000+,Product,No
30.0,Female,Frankfurt,QA Engineer,6,4,Senior,Bash,"Python, Java / Scala, SQL, AWS, Azure",70000.0,2000,70000.0,30,Full-time employee,Unlimited contract,German,1000+,Bank,No
35.0,Female,Berlin,Frontend Developer,12,5,Middle,JavaScript,"AWS, Docker",70000.0,0,70000.0,29,Full-time employee,Unlimited contract,English,101-1000,E-commerce,No
34.0,Female,Berlin,Software Engineer,9,3,Senior,Kotlin,"Python, Kotlin, Java / Scala, Google Cloud, Kubernetes, Docker",78000.0,3000,65000.0,30,Full-time employee,Unlimited contract,English,101-1000,Product,No
29.0,Female,Munich,Software Engineer,5,4,Middle,"NodeJS, Typescript, AWS","Javascript / Typescript, Java / Scala, AWS",67000.0,5000,65000.0,31,Full-time employee,Unlimited contract,English,101-1000,Product,No
27.0,Female,Berlin,Data Scientist,3,3,Middle,Python,"Python, SQL, Google Cloud, Kubernetes, Docker",58000.0,1000,55000.0,24,Full-time employee,Unlimited contract,English,51-100,Product,No
28.0,Female,Berlin,Software Engineer,3,3,Middle,JavaScript,"PHP, Javascript / Typescript",60000.0,0,55000.0,28,Full-time employee,Unlimited contract,English,101-1000,Startup,No
31.0,Female,Munich,Software Engineer,2,2,Middle,Java,SQL,58000.0,3000,26000.0,28,Full-time employee,Unlimited contract,German,1000+,Product,No
34.0,Female,Berlin,QA Engineer,6,2,Senior,Ruby,"Ruby, Java / Scala, AWS, Kubernetes, Docker",67500.0,0,61400.0,30,Full-time employee,Unlimited contract,English,1000+,Product,No
27.0,Female,Munich,Frontend Developer,2,2,Middle,JavaScript,Javascript / Typescript,64000.0,0,50000.0,28,Full-time employee,Unlimited contract,English,101-1000,Startup,No
40.0,Female,Berlin,Fullstack Developer,8,8,Senior,C#,"PHP, Javascript / Typescript, .NET, SQL, Azure, Kubernetes, Docker, React, Angular2+",57000.0,1500,54000.0,26,Full-time employee,Unlimited contract,German,51-100,Product,No
31.0,Female,Berlin,QA Engineer,11,1.5,Middle,JavaScript,"Ruby, SQL",57000.0,bvg only,55000.0,30,Full-time employee,Unlimited contract,English,101-1000,Startup,No
36.0,Female,Berlin,DevOps,1,3,Middle,Java,"Kubernetes, Docker",60000.0,5000,58000.0,26,Full-time employee,Unlimited contract,English,51-100,Consulting / Agency,No
27.0,Female,Munich,Mobile Developer,1,1,Junior,"Kotlin, Java","Kotlin, Java / Scala",50000.0,0,50000.0,27,Full-time employee,Unlimited contract,English,11-50,Startup,No
36.0,Female,Munich,Frontend Developer,10,3,Middle,JavaScript,Javascript / Typescript,48000.0,0,40000.0,30,Part-time employee,Unlimited contract,German,101-1000,Product,No
29.0,Female,Berlin,Software Developer in Test,9,4,Lead,Java,"Javascript / Typescript, SQL, Docker",66000.0,0,60000.0,25,Full-time employee,Unlimited contract,English,101-1000,Startup,No
30.0,Female,Berlin,Data Scientist,6,5,Senior,Python,"Python, SQL, Google Cloud, Kubernetes, Docker",76000.0,10000,63000.0,27,Full-time employee,Unlimited contract,English,1000+,Product,No
37.0,Female,Berlin,Data Scientist,2,2,Middle,Python,"R, SQL, AWS",62000.0,0,58000.0,30,Full-time employee,Unlimited contract,German,101-1000,Publisher,No
26.0,Female,Berlin,Data Scientist,4,1,Middle,"Sql, BQ, tableau, gtm, ga","Python, Javascript / Typescript, SQL",45000.0,0,45000.0,25,Full-time employee,Temporary contract,English,101-1000,Startup,Yes
25.0,Female,Frankfurt,Software Engineer,3,2,Middle,Java,"Javascript / Typescript, SQL",53000.0,5000,48000.0,30,Full-time employee,Unlimited contract,German,1000+,Product,No
36.0,Female,Berlin,Data Scientist,5,5,Senior,Python,"Python, Java / Scala, SQL, AWS",75000.0,0,75000.0,28,Part-time employee,Unlimited contract,English,51-100,Startup,No
27.0,Female,Berlin,Data Analyst ,1,1,Middle,"Python, SQL","Python, SQL",63000.0,0,42000.0,27,Full-time employee,Unlimited contract,English,1000+,Product,No
32.0,Female,Munich,Data Engineer,10,2,Middle,Python,"Python, SQL, AWS, Docker, Spark, Airflow",75000.0,0,70000.0,27,Full-time employee,Unlimited contract,English,11-50,Startup,Yes
28.0,Female,Munich,QA Engineer,8,4,Senior,Kotlin,"Kotlin, Java / Scala, AWS, Kubernetes, Docker",75000.0,0,64000.0,30,Full-time employee,Unlimited contract,English,101-1000,Product,No
25.0,Female,Hamburg,working student (QA),1,1,Student,Ruby,"Java / Scala, SQL",12000.0,0,12000.0,12,working student,Temporary contract,English,1000+,Product,No
27.0,Female,Berlin,Backend Developer,5,"2,5",Middle,Kotlin,"Python, Kotlin, Java / Scala, Google Cloud, Kubernetes",65000.0,0,52000.0,30,Full-time employee,Unlimited contract,English,51-100,Product,No
26.0,Female,Dusseldorf,BI Consultant SAP/ Data Engineer,5,5,Middle,ABAP,"Python, SQL",65000.0,77000,46000.0,30,Full-time employee,Unlimited contract,German,up to 10,Startup,No
35.0,Female,Munich,Backend Developer,4,4,Middle,PHP,"PHP, Javascript / Typescript, Java / Scala",51000.0,4000,47000.0,30,Full-time employee,Unlimited contract,German,101-1000,Insurance,No
35.0,Female,Frankfurt,Software Engineer,1,1,Junior,ABAP,"SQL, SAP / ABAP",50000.0,0,50000.0,30,Full-time employee,Unlimited contract,German,51-100,Consulting / Agency,No
32.0,Female,Berlin,DevOps,9,5,Middle,"Terraform, Kubernetes, AWS, GCP, Ansible, Puppet","Ruby, Java / Scala, SQL, Go, AWS, Google Cloud, Kubernetes, Docker",74000.0,10000,65000.0,40,Full-time employee,Unlimited contract,English,101-1000,Product,No
24.0,Female,Prague,Software Engineer,3,0,Middle,Java,"Java / Scala, AWS, Azure, Kubernetes, Docker",29000.0,0,23000.0,20,Full-time employee,Unlimited contract,English,11-50,Startup,No
31.0,Female,Berlin,Software Engineer,1,1,Junior,React,"Python, AWS, Kubernetes, Docker, React",57000.0,1000,54000.0,30,Full-time employee,Unlimited contract,English,1000+,Retail,No
34.0,Female,Berlin,QA Engineer,1 (as QA Engineer) / 11 in total,11,Senior,Python,"AWS, Kubernetes, Docker",60000.0,2000,36000.0,28,Full-time employee,Unlimited contract,German,1000+,Product,No
33.0,Female,Berlin,Data Scientist,8,4,Senior,Python,"SQL, Google Cloud, Docker",77000.0,0,70000.0,27,Full-time employee,Unlimited contract,English,1000+,Product,No
26.0,Female,Berlin,Tech recruiting,"2,5","2,5",Middle,JavaScript,Python,40000.0,1000,33000.0,25,Full-time employee,Unlimited contract,English,101-1000,Product,No
32.0,Female,Berlin,QA Engineer,10,4,Lead,Java,"Python, Kotlin, .NET, SQL, Go, Docker",65000.0,6000,55000.0,33,Full-time employee,Unlimited contract,German,1000+,Product,No
25.0,Female,Berlin,support engineer,2,2,Middle,python ,"Python, Javascript / Typescript, Ruby, SQL",45000.0,45000,12000.0,26,Full-time employee,Unlimited contract,English,1000+,Startup,Yes
30.0,Female,Cologne,Data Scientist,8,7,Senior,"Python, cloud computing ","Python, SQL, AWS, Azure",85000.0,7000,83200.0,30,Full-time employee,Unlimited contract,both,1000+,Utilities,No
33.0,Female,Brunswick,Software Engineer,6,4,Middle,C++,Python,58000.0,6000,53000.0,30,Full-time employee,Unlimited contract,German,1000+,Product,No
27.0,Female,Munich,Backend Developer,6,4,Senior,Java,Python,85600.0,10000,75000.0,25,Full-time employee,Unlimited contract,English,101-1000,Product,No
32.0,Female,Munich,Data Scientist,5,5,Senior,Python,"Python, Go",80000.0,0,75000.0,30,Full-time employee,Unlimited contract,German,1000+,Product,No
30.0,Female,Munich,Frontend Developer,9,3,Senior,"JavaScript, TypeScript",PHP,60000.0,4000,51000.0,28,Full-time employee,Unlimited contract,English,1000+,Product,No
28.0,Female,Berlin,Data Analyst,3,2.5,Middle,SQL,"Python, Javascript / Typescript, Ruby, AWS",53000.0,0,43000.0,30,Full-time employee,Unlimited contract,English,101-1000,Product,No
23.0,Female,Berlin,Data analyst ,1,1,Junior,SQL,"Python, R, SQL, Google Cloud",36000.0,36000,36000.0,28,Full-time employee,Unlimited contract,English,1000+,Startup,No
26.0,Female,Prague,Software Engineer,4,1,Middle,C#,.NET,64000.0,0,55000.0,25,Full-time employee,Unlimited contract,"Russian, English",1000+,Product,No
34.0,Female,Hildesheim ,QA Engineer,11,2,Senior,QA,"Python, SQL",60000.0,2000,60000.0,30,Full-time employee,Unlimited contract,German,1000+,Product,No
36.0,Female,Berlin,Data Scientist,5,5,Senior,Python,"Python, R",87000.0,15000,77000.0,30,Full-time employee,Unlimited contract,English,1000+,Product,No
28.0,Female,Berlin,Data Scientist,4,2,Middle,Python,Python,73700.0,80400,67000.0,28,Full-time employee,Unlimited contract,English,1000+,Product,No
33.0,Female,Berlin,Frontend Developer,13,4,Middle,"Angular, TypeScript",Javascript / Typescript,47745.0,3800,47745.0,30,"full-time, but 32 hours per week (it was my request, I'm a student)",Unlimited contract,English,1000+,Product,No
39.0,Female,Berlin,Data Scientist,2.5,2,Junior,Python,"C/C++, R, SQL",60000.0,60000,60000.0,30,Full-time employee,Unlimited contract,English,up to 10,corporate incubator,Yes
25.0,Female,Amsterdam,Data Scientist,1.5,0,Middle,Python,"AWS, Docker",49850.0,500,36000.0,25,Full-time employee,Unlimited contract,English,11-50,Startup,No
28.0,Female,Berlin,Backend Developer,3,2,Middle,Python,"AWS, Docker",65000.0,0,65000.0,30,Full-time employee,Unlimited contract,English,1000+,Product,No
32.0,Female,Berlin,Computational linguist,5,5,Middle,Java,"Python, Docker",50400.0,0,50400.0,29,Full-time employee,Unlimited contract,English,11-50,Product,No
26.0,Female,Berlin,Mobile Developer,8,3,Middle,C++,"C/C++, SAP / ABAP",40000.0,2000,15000.0,36,Self-employed (freelancer),Temporary contract,German,101-1000,Product,No
27.0,Female,Lisbon,Backend Developer,3,0,Middle,Java,"Java / Scala, SQL",17500.0,1250,16000.0,22,Full-time employee,Unlimited contract,English,1000+,Consulting / Agency,No
32.0,Female,Berlin,Software Engineer,2,2,Middle,JavaScript,"Python, Javascript / Typescript, Go",63000.0,3000,50000.0,27,Full-time employee,Unlimited contract,English,101-1000,Product,No
28.0,Female,Berlin,Frontend Developer,5,2,Senior,JavaScript,"Google Cloud, Docker",64000.0,2000,60000.0,28,Full-time employee,Unlimited contract,English,1000+,Product,No
33.0,Female,Munich,Software Engineer,10,3,Senior,Java,SQL,47500.0,0,47500.0,25,Full-time employee,Unlimited contract,English,11-50,Outsourse,No
30.0,Female,Berlin,Frontend Developer,3,3,Lead,JavaScript,"AWS, Docker",57600.0,0,51200.0,30,Full-time employee,Unlimited contract,English,101-1000,Product,No
33.0,Female,Munich,Testmanager,10,2,Junior,Java,SQL,60000.0,60000,55000.0,30,Full-time employee,Unlimited contract,German,1000+,Product,No
26.0,Male,Munich,Software Engineer,5,3,Senior,TypeScript,"Kotlin, Javascript / Typescript",80000.0,5000,75000.0,30,Full-time employee,Unlimited contract,English,51-100,Product,No
29.0,Male,Berlin,Software Engineer,12,6,Lead,Javascript / Typescript,"Javascript / Typescript, Docker",120000.0,120000,100000.0,30,Self-employed (freelancer),Temporary contract,English,101-1000,Product,Yes
32.0,Male,Berlin,DevOps,5,1,Senior,"AWS, GCP, Python,K8s","Python, AWS, Google Cloud, Kubernetes, Docker",76000.0,5000,76000.0,30,Full-time employee,Unlimited contract,English,11-50,Startup,No
34.0,Male,Berlin,Mobile Developer,11,5,Lead,kotlin,"Kotlin, Javascript / Typescript, AWS, Google Cloud, Kubernetes, Docker",80000.0,80000,75000.0,28,Full-time employee,Unlimited contract,English,101-1000,Product,No
38.0,Male,Berlin,Team Lead,18,4,Lead,iOS,"Swift, AWS",80000.0,4000,80000.0,28,Full-time employee,Unlimited contract,English,101-1000,Product,Yes
24.0,Male,Berlin,DevOps,6,3,Senior,Kubernetes,"Python, AWS, Google Cloud, Kubernetes, Docker",75000.0,10000,63000.0,27,Full-time employee,Unlimited contract,English,101-1000,Product,No
29.0,Male,Berlin,Software Engineer,6,4,Lead,Go,"Python, Go, AWS, Kubernetes, Docker",85000.0,5000,78000.0,28,Full-time employee,Unlimited contract,English,101-1000,Product,No
33.0,Male,Berlin,Data Scientist,5,4,Lead,Python,"Python, R, Google Cloud, Docker",150000.0,80000,81000.0,24,Full-time employee,Unlimited contract,English,1000+,Product,No
29.0,Male,Berlin,Frontend Developer,7,2,Senior,React,Javascript / Typescript,72000.0,12000,63000.0,27,Full-time employee,Unlimited contract,English,1000+,Product,No
49.0,Male,Berlin,Software Engineer,15,15,Senior,Java,SQL,67000.0,1500,66000.0,29,Full-time employee,Unlimited contract,German,1000+,Product,No
30.0,Male,Berlin,Software Engineer,6,3,Senior,Java,"Kotlin, AWS, Kubernetes, Docker",74000.0,15000,54000.0,27,Full-time employee,Unlimited contract,English,1000+,Product,No
31.0,Male,Berlin,Software Engineer,7,3,Lead,Python,"Python, SQL, Google Cloud, Kubernetes, Docker",76000.0,10000,69000.0,27,Full-time employee,Unlimited contract,English,101-1000,Startup,No
35.0,Male,Munich,Software Engineer,11,3,Senior,PHP,"Javascript / Typescript, AWS, Kubernetes, Docker",65000.0,5000,65000.0,29,Full-time employee,Unlimited contract,German,101-1000,Product,No
34.0,Male,Munich,Software Engineer,13,3,Lead,.NET,".NET, SQL",72000.0,72000,60000.0,30,Full-time employee,Unlimited contract,English,51-100,Product,No
45.0,Male,Schleswig-Holstein,Software Engineer,26,18,Senior,C#,"C/C++, .NET, SQL",93000.0,10000,93000.0,30,Full-time employee,Unlimited contract,German,1000+,Product,No
29.0,Male,Munich,Software Engineer,7,3,Senior,JavaScript,"Kotlin, Javascript / Typescript, Java / Scala, Docker",80000.0,5000,72000.0,24,Full-time employee,Unlimited contract,English,1000+,Product,No
24.0,Male,Berlin,Data Scientist,4,2,Senior,Python,"Python, AWS, Docker",73000.0,73000,50000.0,24,Full-time employee,Unlimited contract,English,101-1000,Startup,No
29.0,Male,Berlin,DevOps,7,1,Lead,Kubernetes,"Python, Go, AWS, Kubernetes",78000.0,10000,70000.0,28,Full-time employee,Unlimited contract,English,101-1000,Product,No
30.0,Male,Munich,Hardware Engineer,5,5,Senior,VHDL,Python,75000.0,10000,73000.0,30,Full-time employee,Unlimited contract,English,101-1000,Product,No
27.0,Male,Munich,QA Engineer,5,1,Senior,Swift,"Kotlin, Ruby",58000.0,5800,58000.0,30,Full-time employee,Unlimited contract,English,1000+,Product,No
35.0,Male,Frankfurt,ML Engineer,12,10,Senior,ML,"Python, Java / Scala, R, SQL, AWS, Azure",120000.0,30000,90000.0,30,Full-time employee,Unlimited contract,English,1000+,Product,No
26.0,Male,Munich,Data Scientist,3,2,Middle,Python,"Python, SQL, AWS, Docker",65000.0,7000,52000.0,30,Full-time employee,Unlimited contract,English,101-1000,Product,No
33.0,Male,Frankfurt,Solution Architect,6,6,Middle,Python,"SQL, AWS, Google Cloud, Kubernetes, Docker",85000.0,40000,78000.0,28,Full-time employee,Unlimited contract,English,1000+,Product,No
24.0,Male,Munich,Software Engineer,5,2,Middle,C++,"Javascript / Typescript, Go",79000.0,56000,77000.0,30,Full-time employee,Unlimited contract,English,1000+,Product,No
31.0,Male,Munich,Backend Developer,11,1,Senior,PHP,"Javascript / Typescript, Java / Scala, AWS, Kubernetes, Docker",80000.0,4000,80000.0,30,Full-time employee,Unlimited contract,English,1000+,Product,No
28.0,Male,Munich,Mobile Developer,5,3,Senior,iOS,Swift,57000.0,8000,70000.0,30,Full-time employee,Unlimited contract,English,1000+,Product,No
28.0,Male,Berlin,Software Engineer,6,2,Senior,Java,"Kotlin, Java / Scala, SQL, AWS, Kubernetes, Docker",65000.0,75000,60000.0,28,Full-time employee,Unlimited contract,English,11-50,Startup,No
37.0,Male,Munich,Backend Developer,12,4,Senior,PHP,"Javascript / Typescript, Docker",62000.0,5000,60000.0,28,Full-time employee,Unlimited contract,English,101-1000,Product,No
35.0,Male,Munich,Software Engineer,13,4,Senior,Java,"Kotlin, Java / Scala, AWS",80000.0,1500,77000.0,40,Full-time employee,Unlimited contract,English,101-1000,Product,No
34.0,Male,Berlin,QA Engineer,10,4,Senior,Java,"Python, Kotlin, Javascript / Typescript, Go, AWS, Kubernetes, Docker",75000.0,3000,65000.0,28,Full-time employee,Unlimited contract,English,101-1000,Startup,No
30.0,Male,Berlin,Backend Developer,6,2,Senior,Ruby,"SQL, Elixir",75000.0,75000,65000.0,30,Full-time employee,Unlimited contract,English,101-1000,Product,No
34.0,Male,Munich,Cloud Architect,10,4,Senior,"Azure, SAP","SAP / ABAP, AWS, Google Cloud, Azure, Kubernetes, Docker",120000.0,40000,70000.0,30,Full-time employee,Unlimited contract,English,1000+,Cloud,No
33.0,Male,Munich,Software Engineer,10,3,Senior,Java,"AWS, Docker",75000.0,7500,68000.0,30,Full-time employee,Unlimited contract,English,101-1000,Product,No
33.0,Male,Berlin,Software Engineer,7,7,Senior,"Java, JavaScript","Javascript / Typescript, Java / Scala, SQL",62000.0,67000,52000.0,30,Full-time employee,Unlimited contract,English,1000+,Consulting / Agency,No
32.0,Male,Frankfurt,Network Engineer ,10,2,Senior,Python,"Python, Docker",68500.0,6000,68500.0,25,Full-time employee,Unlimited contract,English,101-1000,Product,No
31.0,Male,Berlin,Frontend Developer,10,1.5,Senior,JavaScript,"Javascript / Typescript, SQL, Google Cloud, Docker",71060.0,101,67500.0,28,Full-time employee,Unlimited contract,English,51-100,Startup,No
28.0,Male,Munich,Backend Developer,6,5,Senior,Java,"Javascript / Typescript, Java / Scala, SQL",70000.0,2000,57000.0,30,Full-time employee,Unlimited contract,English,101-1000,Consulting / Agency,No
40.0,Male,Munich,Mobile Developer,25,2,Lead,Swift,"Swift, Objective-C",85000.0,5000,72000.0,30,Full-time employee,Unlimited contract,English,11-50,Product,No
46.0,Male,Munich,QA Engineer,13,13,Senior,Java,SQL,70000.0,8500,70000.0,28,Full-time employee,Unlimited contract,German,101-1000,Product,No
34.0,Male,Berlin,Software Engineer,14,4,Lead,Java,"Kotlin, Javascript / Typescript, Java / Scala, AWS, Kubernetes, Docker",95000.0,5000,90000.0,30,Full-time employee,Unlimited contract,English,1000+,Product,No
36.0,Male,Berlin,Backend Developer,18,1,Senior,PHP,"PHP, AWS, Google Cloud",65000.0,70000,60000.0,26,Full-time employee,Unlimited contract,English,101-1000,Product,No
31.0,Male,Berlin,Data Scientist,10,5,Lead,Python,"Kubernetes, Docker",115000.0,70000,115000.0,28,Full-time employee,Unlimited contract,English,1000+,Product,No
46.0,Male,Munich,Scrum Master,12,8,Senior,Agile,"C/C++, PHP, .NET, SQL",85000.0,10000,88000.0,30,Full-time employee,Unlimited contract,German,1000+,Product,No
31.0,Male,Munich,Frontend Developer,12,1.5,Lead,"TypeScript, JavaScript","Javascript / Typescript, Docker",85000.0,3000,75000.0,29,Full-time employee,Unlimited contract,English,11-50,Startup,No
35.0,Male,Munich,Software Engineer,13,4,Lead,Pegasystems platform ,"C/C++, Javascript / Typescript, Java / Scala, SQL, Docker",140000.0,6000,132000.0,28,Full-time employee,Unlimited contract,English,51-100,Consulting / Agency,No
36.0,Male,Munich,Solutions Architect,12,5,Lead,Cloud,"Kotlin, Java / Scala, AWS, Kubernetes, Docker",105000.0,25000,105000.0,28,Full-time employee,Unlimited contract,English,1000+,Product,No
32.0,Male,Munich,Fullstack Developer,9,2,Senior,Java,"Javascript / Typescript, Kubernetes, Docker, Angular",70000.0,4000,68000.0,26,Full-time employee,Unlimited contract,English,11-50,Product,No
29.0,Male,Berlin,Software Engineer,8,2,Senior,Go,"Python, Javascript / Typescript, Go",70000.0,5000,70000.0,30,Full-time employee,Unlimited contract,English,1000+,Product,No
35.0,Male,Berlin,ML Engineer,10,2,Lead,Scala,"Java / Scala, SQL, AWS, Kubernetes, Docker",96000.0,4000,80000.0,30,Full-time employee,Unlimited contract,English,11-50,Product,No
26.0,Male,Berlin,Software Engineer,5,2,Middle,Scala,"Java / Scala, SQL, Google Cloud, Docker",63000.0,10300,56500.0,28,Full-time employee,Unlimited contract,English,101-1000,Product,No
34.0,Male,Berlin,Data Scientist,5,5,Middle,Python,"C/C++, SQL, AWS, Docker",65000.0,5000,60000.0,30,Full-time employee,Unlimited contract,English,101-1000,Product,No
45.0,Male,Berlin,Mobile Developer,10,4,Lead,SWIFT,"Swift, Javascript / Typescript, Java / Scala, Google Cloud",77000.0,2000,66000.0,28,Full-time employee,Unlimited contract,English,101-1000,Product,No
32.0,Male,Stuttgart,QA Engineer,9,9,Senior,Java,"R, SQL, Perl, Docker",60000.0,4700,67000.0,30,Full-time employee,Unlimited contract,German,1000+,Consulting / Agency,No
24.0,Male,Boeblingen,C/C++/Java developer,0.8,0.8,Junior,Java,C/C++,48000.0,101,48000.0,30,Full-time employee,Unlimited contract,English,11-50,Product,No
32.0,Male,Düsseldorf,Software Engineer,11,7,Senior,.NET,"Javascript / Typescript, Java / Scala, Go",60000.0,62000,47000.0,30,Full-time employee,Unlimited contract,English,1000+,Consulting / Agency,No
33.0,Male,Munich,Backend Developer,15,3,Lead,Scala,"Javascript / Typescript, Java / Scala, SQL, AWS, Docker",100000.0,10000,98000.0,30,Full-time employee,Unlimited contract,English,11-50,Startup,No
31.0,Male,Berlin,QA Engineer,10,5,Senior,nothing,Python,60000.0,77000,67500.0,28,Full-time employee,Unlimited contract,English,1000+,Product,No
39.0,Male,Munich,BI IT Consultant,5,5,Middle,"Qlik BI Tool, SQL","Javascript / Typescript, SQL",56000.0,17000,53000.0,30,Full-time employee,Unlimited contract,German,1000+,Product,No
29.0,Male,Munich,Backend Developer,8,4,Senior,Java,SQL,95000.0,7000,74000.0,30,Full-time employee,Unlimited contract,English,1000+,Product,No
37.0,Male,Berlin,Cloud Engineer,15,3,Senior,Cloud,"Python, .NET, Azure, Kubernetes, Docker",72000.0,10000,62000.0,36,Full-time employee,Unlimited contract,English,1000+,Product,Yes
34.0,Male,Munich,Solutions architect,14,6,Head,Blockchain,"Python, Kotlin, Java / Scala, SQL, Go, AWS, Google Cloud, Kubernetes, Docker",95000.0,10000,85000.0,24,Full-time employee,Unlimited contract,English,101-1000,Startup,No
43.0,Male,Berlin,Backend Developer,5,1.5,Middle,Java,Kotlin,64000.0,6000,63000.0,28,Full-time employee,Unlimited contract,English,101-1000,Product,No
34.0,Male,Leipzig,Mobile Developer,14,2,Senior,Android,"Kotlin, Java / Scala, Azure",60000.0,60000,52000.0,23,Full-time employee,Unlimited contract,English,101-1000,Consulting / Agency,No
40.0,Male,Munich,QA Engineer,18,14,Lead,Java,"SQL, AWS, Kubernetes, Docker, Groovy",78000.0,8000,76000.0,30,Full-time employee,Unlimited contract,German,1000+,Product,No
38.0,Male,Munich,Backend Developer,12,12,Senior,Java,"PHP, Javascript / Typescript, SQL",70000.0,1500,68000.0,30,Full-time employee,Unlimited contract,German,101-1000,Telecommunications,No
38.0,Male,Munich,ML Engineer,10,3,Lead,Python,"SQL, AWS, Azure, Kubernetes, Docker",92000.0,101,85000.0,30,Full-time employee,Unlimited contract,English,51-100,Consulting / Agency,No
38.0,Male,Hamburg,Software Engineer,12,6,Senior,Java,"Python, Java / Scala, AWS, Docker",73000.0,7000,72000.0,30,Full-time employee,Unlimited contract,English,51-100,Product,No
32.0,Male,Berlin,Software Engineer,9,5,Lead,JavaScript,"Javascript / Typescript, Ruby, AWS, Kubernetes, Docker",90000.0,0,75000.0,25,Full-time employee,Unlimited contract,English,101-1000,Product,Have been a freelancer at the beginning of year
41.0,Male,Munich,Backend Developer,21,3,Senior,Java,"Kubernetes, Docker",80000.0,0,78000.0,30,Full-time employee,Unlimited contract,English,101-1000,Product,No
34.0,Male,Berlin,Security Engineer,10,4,Senior,Python,"Javascript / Typescript, AWS, Kubernetes",85000.0,25000,72000.0,28,Full-time employee,Unlimited contract,English,1000+,Product,No
45.0,Male,Berlin,Software Engineer,25,20,Lead,C++,"Python, C/C++, Javascript / Typescript, Ruby, .NET, Java / Scala, SQL, Go, AWS, Kubernetes",75000.0,20000,73000.0,30,Full-time employee,Unlimited contract,German,1000+,Product,No
34.0,Male,Berlin,DevOps,6,6,Middle,"Java, terraform","Python, Kotlin, Javascript / Typescript, Java / Scala, AWS, Kubernetes, Docker",62000.0,70000,54000.0,28,Full-time employee,Unlimited contract,German,1000+,Media,No
33.0,Male,Munich,Business Analyst,10,4,Senior,Java,SQL,70000.0,0,70000.0,27,Full-time employee,Unlimited contract,English,101-1000,Product,"No, but there was a salary cut at 10% for 3 months and then at 5% for further 3 months"
30.0,Male,Berlin,Backend Developer,7,2,Senior,Ruby,"Javascript / Typescript, SQL, Go, AWS, Docker",72000.0,0,66000.0,25,Full-time employee,Unlimited contract,English,11-50,Product,No
35.0,Male,Berlin,Support Engineer,10,4,Senior,PHP,"SQL, AWS, Docker",63500.0,63500,60000.0,28,Full-time employee,Unlimited contract,English,101-1000,Product,No
34.0,Male,Berlin,Frontend Developer,10,3,Senior,"Angular, React","Python, Javascript / Typescript, Docker",68000.0,0,68000.0,40,Full-time employee,Unlimited contract,English,11-50,Startup,No
34.0,Male,Berlin,Software Engineer,12,2,Lead,.NET,"Javascript / Typescript, .NET, SQL, Azure",78000.0,8000,64000.0,36,Full-time employee,Unlimited contract,German,1000+,Product,No
38.0,Male,Berlin,Software Engineer,13,6,Lead,Java,Kotlin,89570.0,20240,82240.0,30,Full-time employee,Unlimited contract,English,1000+,Product,No
34.0,Male,Berlin,Backend Developer,15,5,Senior,Elixir,"Javascript / Typescript, Ruby, SQL, Google Cloud, Kubernetes, Docker",70000.0,70000,65000.0,30,Full-time employee,Unlimited contract,English,51-100,Product,No
37.0,Male,Berlin,Software Engineer,15,3,Senior,Scala,"Python, Java / Scala, Docker",85000.0,5000,100000.0,30,Full-time employee,Unlimited contract,English,1000+,Product,No
30.0,Male,Munich,Frontend Developer,9,3,Middle,TypeScript,"Javascript / Typescript, Kubernetes",66000.0,0,64000.0,30,Full-time employee,Unlimited contract,English,101-1000,Product,No
26.0,Male,Frankfurt,Consultant,4,4,Middle,JavaScript,"Python, Javascript / Typescript",65000.0,70000,55000.0,30,Full-time employee,Unlimited contract,German,101-1000,Consulting / Agency,No
27.0,Male,Tuttlingen,Software Engineer,4,4,Junior,C#,.NET,46000.0,2000,43000.0,30,Full-time employee,Unlimited contract,German,up to 10,Product,No
29.0,Male,Berlin,Software Engineer,12,3,Senior,Go,"PHP, Go",75000.0,75000,70000.0,27,Full-time employee,Unlimited contract,English,101-1000,Product,No
29.0,Male,Bonn,Mobile Developer,5,2,Middle,Objective-C,Swift,55000.0,4000,55000.0,24,Full-time employee,Unlimited contract,English,11-50,Product,No
34.0,Male,Berlin,Software Engineer,10,10,Senior,C++,Python,76000.0,12000,73000.0,30,Full-time employee,Unlimited contract,English,101-1000,Product,No
31.0,Male,Moscow,Data Scientist,2.5,0,Lead,Python,Python,20000.0,6500,17000.0,30,Full-time employee,Unlimited contract,Russian,1000+,Bank,No
47.0,Male,Hamburg,Software Engineer,22,10,Senior,C++/C#,"C/C++, .NET, SQL",46000.0,46000,46000.0,30,Full-time employee,Unlimited contract,English,up to 10,Product,No
29.0,Male,Berlin,Backend Developer,8,1.5,Middle,Go,Python,65000.0,0,60000.0,30,Full-time employee,Unlimited contract,English,101-1000,Product,No
28.0,Male,Munich,Software Engineer,5,6,Senior,C++,"Python, C/C++",67000.0,2000,44000.0,20,Self-employed (freelancer),Unlimited contract,English,up to 10,Startup,Yes
25.0,Male,Hamburg,Data Scientist,2,2,Middle,Python,.NET,48000.0,5000,43200.0,28,Full-time employee,Unlimited contract,German,11-50,Product,No
40.0,Male,Berlin,Backend Developer,18,2.5,Senior,PHP,"PHP, SQL, Go, Docker, Postgres",60000.0,0,60000.0,28,Full-time employee,Unlimited contract,English,1000+,Product,No
30.0,Male,Berlin,DevOps,9,5,Lead,Kubernetes,"Python, Google Cloud, Kubernetes, Docker",90000.0,0,80000.0,30,Full-time employee,Unlimited contract,English,101-1000,Product,No
29.0,Male,Munich,SW Architect,8,3,Senior,C++,"Python, C/C++, Docker",73000.0,400,59000.0,30,Full-time employee,Unlimited contract,English,1000+,Product,No
37.0,Male,Heidelberg,Software Engineer,15,7,Senior,ABAP,"Javascript / Typescript, SAP / ABAP",67500.0,7500,65000.0,30,Full-time employee,Unlimited contract,English,1000+,Product,No
28.0,Male,Berlin,SRE,6,1.5,Middle,Kubernetes,"Python, Go, AWS, Kubernetes, Docker",66000.0,122.13,66000.0,27,Full-time employee,Unlimited contract,English,1000+,Product,No
28.0,Male,Stuttgart,Backend Developer,5,1.5,Middle,Java,Linux,55000.0,5000,42000.0,30,Full-time employee,Unlimited contract,German,101-1000,Product,No
33.0,Male,Berlin,Software Engineer,13,3,Senior,Ruby,"Ruby, Java / Scala, Go, AWS, Kubernetes, Docker",75000.0,20000,68000.0,27,Full-time employee,Unlimited contract,English,1000+,Product,No
40.0,Male,Frankfurt,Software Engineer,22,3,Senior,Java,"Kotlin, Javascript / Typescript, Java / Scala, Kubernetes, Docker",72000.0,5000,45000.0,30,Full-time employee,Unlimited contract,German,1000+,Product,No
29.0,Male,Berlin,Backend Developer,11,2,Senior,Python,"Python, Go, AWS, Kubernetes, Docker",85000.0,4000,85000.0,30,Full-time employee,Unlimited contract,English,51-100,Product,No
44.0,Male,Munich,Software Engineer,28,6,Senior,C#,"C/C++, .NET, SQL",78500.0,0,78500.0,30,Full-time employee,Unlimited contract,English,51-100,Product,No
32.0,Male,Berlin,Software Engineer,12,1,Senior,Java,"Python, SQL, AWS, Kubernetes, Docker",83000.0,500,75000.0,27,Full-time employee,Unlimited contract,English,1000+,Product,No
34.0,Male,Berlin,Software Engineer,15,2,Lead,Java,"Java / Scala, SQL",80000.0,12000,76000.0,28,Full-time employee,Unlimited contract,English,1000+,Product,No
26.0,Male,"Riga, Latvia",Software Engineer,4,0,Middle,JavaScript,"Javascript / Typescript, SAP / ABAP",24000.0,0,20000.0,20,Full-time employee,Unlimited contract,English,101-1000,Consulting / Agency,No
41.0,Male,Berlin,Software Engineer,19,7,Lead,Python,"C/C++, SQL, AWS, Kubernetes, Docker",95500.0,14500,94000.0,30,Full-time employee,Unlimited contract,English,1000+,Product,No
35.0,Male,Cologne,Software Engineer,14,7,Senior,C++,"Python, C/C++, SQL",72000.0,77000,70000.0,35,Full-time employee,Unlimited contract,English,101-1000,Product,No
24.0,Male,Munich,Software Engineer,3,2,Middle,Java/C++,"Python, C/C++, Javascript / Typescript, Java / Scala, SQL, Kubernetes",77600.0,43500,72000.0,30,Full-time employee,Unlimited contract,English,1000+,Product,No
35.0,Male,Hamburg,Software Engineer,13,3,Lead,Scala / Python,"Python, Ruby, Java / Scala, Google Cloud, Kubernetes, Docker",95000.0,15000,90000.0,25,Full-time employee,Unlimited contract,English,51-100,Startup,No
31.0,Male,Dusseldorf,Software Engineer,7,3,Senior,C++,"Python, C/C++, Javascript / Typescript, SQL",50400.0,50400,50000.0,27,Full-time employee,Unlimited contract,English,1000+,Product,No
30.0,Male,Moscow,Software Engineer,5,0,Middle,C,C/C++,14712.0,0,14712.0,30,Full-time employee,Unlimited contract,Russian,101-1000,Product,No
37.0,Male,Hamburg,Software Engineer,15,5,Senior,Java,"Python, Javascript / Typescript, Java / Scala, Go, AWS, Kubernetes, Docker",70000.0,0,60000.0,25,Full-time employee,Temporary contract,English,11-50,Startup,No
23.0,Male,Berlin,Software Engineer,4,1,Middle,JavaScript,"Javascript / Typescript, SQL, AWS, Docker",70500.0,0,58000.0,30,Full-time employee,Unlimited contract,English,1000+,Product,No
39.0,Male,Stuttgart,Software Engineer,11,3,Lead,PHP,"PHP, SQL, Kubernetes, Docker",75000.0,0,75000.0,30,Full-time employee,Unlimited contract,English,101-1000,Product,No
50.0,Male,Berlin,Software Engineer,29,2,Lead,C++,"C/C++, PHP, SQL",28800.0,28800,28800.0,30,Full-time employee,Unlimited contract,German,11-50,IT-Outsourcing,No
35.0,Male,Helsinki,Backend Developer,11,2.5,Senior,Python,"SQL, AWS, Docker",66000.0,2000,53000.0,28,Full-time employee,Unlimited contract,English,101-1000,Product,No
30.0,Male,Munich,Mobile Developer,8,2,Lead,Swift,Swift,75000.0,86000,60000.0,24,Full-time employee,Unlimited contract,English,11-50,Startup,No
24.0,Male,Frankfurt,Frontend Developer,3,0,Middle,JavaScript,"Javascript / Typescript, Docker",44000.0,3000,44000.0,26,Full-time employee,Unlimited contract,English,51-100,Product,No
28.0,Male,Berlin,Backend Developer,9,2,Senior,PHP,"SQL, AWS, Docker",60000.0,1000,45000.0,25,Full-time employee,Unlimited contract,English,11-50,Product,No
37.0,Male,Berlin,Software Engineer,8,5,Senior,Python,"Python, Javascript / Typescript, SQL, Go, AWS, Google Cloud, Kubernetes, Docker",76900.0,77400,70000.0,26,Full-time employee,Unlimited contract,English,101-1000,Product,No
30.0,Male,Kiev,Backend Developer,8,0,Middle,Web developer,"PHP, Javascript / Typescript, SQL, Docker",27000.0,0,27000.0,21,Full-time employee,Temporary contract,Русский,51-100,Product,No
31.0,Male,Berlin,Software Engineer,4,2,Lead,Java,"Kotlin, SQL, AWS, Kubernetes, Docker",95000.0,0,89000.0,28,Full-time employee,Unlimited contract,English,1000+,Startup,No
34.0,Male,Berlin,Mobile Developer,9,2,Senior,Android,"Kotlin, Java / Scala",72000.0,12,65000.0,27,Full-time employee,Unlimited contract,English,1000+,Product,No
39.0,Male,Berlin,DevOps,15,3,Senior,Python,"Python, Ruby, Java / Scala, Go, Rust, AWS, Kubernetes, Docker, Terraform, helm, packer",70000.0,0,70000.0,21,Full-time employee,Unlimited contract,English,101-1000,Product,No
42.0,Male,Den Haag,Backend Developer,20,6,Senior,.NET,"Python, Javascript / Typescript, SQL, AWS, Docker",75000.0,0,75000.0,25,Full-time employee,Unlimited contract,English,101-1000,Product,No
26.0,Male,London,Frontend Developer,8,0,Senior,"TypeScript, React","Javascript / Typescript, Google Cloud, Kubernetes, Docker",105000.0,60000,85000.0,30,Full-time employee,Unlimited contract,English,1000+,Startup,No
27.0,Male,Amsterdam,ML Engineer,4,1,Middle,Python,"Python, R, SQL, SAP / ABAP, AWS, Kubernetes, Docker",62000.0,62000,40000.0,25,Full-time employee,Unlimited contract,English,1000+,Product,No
27.0,Male,Berlin,Tech Lead / Full-Stack,5,3.5,Lead,Python / JavaScript (React),"Python, Javascript / Typescript, SQL, AWS, Docker, React, Tailwindcss",90000.0,1000,75000.0,30 in contract (but theoretically unlimited),Full-time employee,Unlimited contract,English,11-50,Startup,No
32.0,Male,Munich,Software Engineer,10,6,Senior,Java,"Javascript / Typescript, Go",88000.0,120000,86000.0,30,Full-time employee,Unlimited contract,English,1000+,Product,No
31.0,Male,Berlin,DevOps,11,4,Senior,Terraform,"PHP, SQL, AWS, Docker",81000.0,0,75000.0,28,Full-time employee,Unlimited contract,English,101-1000,Startup,No
38.0,Male,Berlin,Mobile Developer,10,4,Senior,Swift,"Swift, Objective-C",70000.0,0,70000.0,24,Full-time employee,Unlimited contract,English,1000+,Product,Yes
25.0,Male,Berlin,Solutions Architect,6,2,Middle,Apache Spark,"Python, Java / Scala",100000.0,20000,73000.0,30,Full-time employee,Unlimited contract,English,1000+,Product,No
24.0,Male,Tallinn,Software Engineer,3,0,Junior,Java,"Python, SQL",30000.0,0,28800.0,28,Full-time employee,Unlimited contract,English,11-50,Product,No
27.0,Male,Prague,Software Engineer,3,0,Middle,.NET,"Javascript / Typescript, Java / Scala, SQL",21120.0,3520,16560.0,21,Full-time employee,Temporary contract,Czech,11-50,Product,No
30.0,Male,Utrecht,Data Scientist,2,0,Middle,Python,Google Cloud,48000.0,10000,41000.0,25,Full-time employee,Temporary contract,English,1000+,Product,No
46.0,Male,Frankfurt,Software Engineer,23,16,Senior,C#,"C/C++, Javascript / Typescript, .NET, SQL, Azure",90000.0,96000,76000.0,30,Full-time employee,Unlimited contract,German,1000+,Consulting / Agency,No
40.0,Male,Braunschweig ,SAP BW Senior Consultant ,11,11,Senior,SAP BW / ABAP,SAP / ABAP,75000.0,5000,72000.0,30,Full-time employee,Unlimited contract,German,1000+,Finance,No
38.0,Male,Berlin,Software Engineer,16,2,Senior,ABAP,"PHP, SQL, SAP / ABAP, Delphi",83000.0,11000,80000.0,27,Full-time employee,Unlimited contract,English,1000+,Startup,No
32.0,Male,Hamburg,Software Engineer,12,7,Senior,Java,"Kotlin, PHP, Javascript / Typescript, Java / Scala",66300.0,1000,65000.0,28,Full-time employee,Unlimited contract,German,101-1000,Product,No
37.0,Male,Stuttgart ,Software Engineer,9,5,Senior,Qml,C/C++,60000.0,0,60000.0,30,Full-time employee,Unlimited contract,English,101-1000,Consulting / Agency,No
33.0,Male,Berlin,Director of Engineering,10,5,Director,PHP,"PHP, Javascript / Typescript, Java / Scala, SQL, AWS, Docker",100000.0,0,84000.0,30,Full-time employee,Unlimited contract,English,1000+,Product,No
36.0,Male,Munich,IT Spezialist,15,6,Senior,AWS,"Javascript / Typescript, Java / Scala, AWS, Docker",79300.0,11900,73000.0,30,Full-time employee,Unlimited contract,German,1000+,Product,No
27.0,Male,Frankfurt,Software Engineer,5,3,Middle,C#/.NET,"C/C++, SQL, VBA",48000.0,0,45000.0,28,Full-time employee,Unlimited contract,English,up to 10,Consulting / Agency,No
28.0,Male,Berlin,Software Engineer,6,2,Middle,PHP,"Javascript / Typescript, SQL, Go, Docker",60000.0,0,60000.0,26,Full-time employee,Unlimited contract,English,101-1000,E-commerce,No
34.0,Male,Berlin,Software Engineer,10,2,Senior,.NET,Python,60000.0,0,55000.0,28,Full-time employee,Unlimited contract,English,11-50,Product,No
38.0,Male,Munich,Software Engineer,15,5,Senior,JavaScript,"Javascript / Typescript, .NET, SQL, AWS, Kubernetes, Docker",80000.0,6000,78000.0,30,Full-time employee,Unlimited contract,English,51-100,Corporation,No
23.0,Male,Berlin,Software Engineer,3,3,Middle,JavaScript,AWS,60000.0,6000,52000.0,30,Full-time employee,Unlimited contract,English,1000+,Product,No
30.0,Male,Munich,Software Engineer,10,4,Senior,.NET,"Python, Javascript / Typescript, Azure",75000.0,5000,75000.0,30,Full-time employee,Unlimited contract,English,1000+,Product,No
31.0,Male,Berlin,ML Engineer,4,4,Junior,Python,"Python, Java / Scala, AWS",62000.0,8000,50000.0,30,Full-time employee,Unlimited contract,German,1000+,Product,No
42.0,Male,Berlin,Software Engineer,17,9,Senior,Go,"Ruby, AWS, Kubernetes, Docker",75000.0,8000,73000.0,28,Full-time employee,Unlimited contract,English,101-1000,Startup,No
27.0,Male,Berlin,Software Engineer,6,3,Middle,Java,"C/C++, Kubernetes, Docker",82000.0,12000,94000.0,30,Full-time employee,Unlimited contract,English,1000+,Product,No
35.0,Male,Munich,Backend Developer,14,2.5,Senior,Java,"Kotlin, Java / Scala, SQL, Kubernetes, Docker",77000.0,0,69300.0,30,Full-time employee,Unlimited contract,English,101-1000,Startup,No
39.0,Male,Berlin,Manager,11,9,Head,Python,"Python, Kotlin, Java / Scala, AWS",180000.0,150000,130000.0,28,Full-time employee,Unlimited contract,English,1000+,Product,No
38.0,Male,Berlin,Data Scientist,15,2,Head,Python,"Python, SQL, SAP / ABAP, AWS",100000.0,120000,80000.0,27,Full-time employee,Unlimited contract,English,101-1000,Startup,No
31.0,Male,Hamburg,ML Engineer,3,3,Lead,Python,"Kubernetes, Docker",70000.0,0,65000.0,30,Full-time employee,Unlimited contract,English,11-50,Startup,No
30.0,Male,Berlin,Software Engineer,10,4,Senior,Java,"PHP, Java / Scala",70000.0,0,70000.0,27,Full-time employee,Unlimited contract,English,11-50,Startup,No
33.0,Male,Munich,Software Engineer,9,9,Lead,Java,"Python, Kotlin, Javascript / Typescript, SQL, AWS, Docker",100000.0,0,100000.0,29,Full-time employee,Unlimited contract,German,51-100,Product,No
31.0,Male,Berlin,Mobile Developer,10,3,Senior,Swift,Swift,80000.0,13500,64000.0,27,Full-time employee,Unlimited contract,English,1000+,Product,No
33.0,Male,Nuremberg ,Data Scientist,2,2,Middle,Python,"R, SQL, AWS, Kubernetes, Docker",54000.0,0,54000.0,30,Full-time employee,Unlimited contract,English,1000+,Market Research ,No
43.0,Male,Munich,Consultant ,21,3,Senior,Java,"Javascript / Typescript, .NET, Java / Scala, Docker",72000.0,0,63000.0,28,Full-time employee,Unlimited contract,German,101-1000,Consulting / Agency,No
33.0,Male,Nürnberg,Software Engineer,9,9,Senior,Javascript / Typescript,"Python, Java / Scala, SQL, Azure, Docker",60000.0,25000,60000.0,30,Full-time employee,Unlimited contract,German,1000+,Consulting / Agency,No
33.0,Male,Berlin,Software Engineer,12,5,Lead,Go,"Go, AWS, Docker",120000.0,50000,104000.0,30,Full-time employee,Unlimited contract,English,101-1000,Product,No
40.0,Male,Berlin,QA Engineer,11,11,Senior,Python,"Python, Java / Scala",60000.0,1000,60000.0,28,Full-time employee,Unlimited contract,German,101-1000,Product,No
40.0,Male,Bodensee,Product Manager,17,9,Lead,Linux Kernel,C/C++,81000.0,7000,81000.0,30,Full-time employee,Unlimited contract,German,11-50,Product,No
39.0,Male,Berlin,Data Scientist,7,4,Senior,several,"Python, SQL, AWS, Docker, unix shell scripts",70000.0,70000,65000.0,28,Full-time employee,Unlimited contract,English,101-1000,Startup,No
25.0,Male,Berlin,Software Engineer,6,2,Middle,Java,"Python, Java / Scala, Go, AWS, Kubernetes, Docker",63700.0,1600,60000.0,29,Full-time employee,Unlimited contract,English,1000+,e-commerce,No
28.0,Male,Berlin,Data Scientist,4,4,Middle,Python,"Java / Scala, R, SQL, Docker, Julia ",70000.0,5500,70000.0,28,Full-time employee,Unlimited contract,English,101-1000,Product,No
39.0,Male,Munich,Software Architect,20,12,Lead,embedded,"C/C++, Clojure, Assembly",122000.0,45000,118000.0,28,Full-time employee,Unlimited contract,English,1000+,Product,No
37.0,Male,Berlin,QA Engineer,6,6,Middle,Java/Groovy,"AWS, Docker",69200.0,0,67100.0,28,Full-time employee,Unlimited contract,English,101-1000,SaaS,No
32.0,Male,Munich,Software Engineer,7,1,Senior,Python,"Python, Javascript / Typescript, SQL, Docker",72000.0,0,65000.0,29,Full-time employee,Unlimited contract,English,11-50,Startup,No
26.0,Male,Berlin,Data Scientist,5,3,Middle,Python,"SQL, AWS, Kubernetes, Docker",59000.0,0,55000.0,26,Full-time employee,Unlimited contract,English,101-1000,Startup,No
36.0,Male,Berlin,Software Engineer,10,10,Senior,TypeScript,"Javascript / Typescript, .NET, Azure",88000.0,0,80000.0,28,Full-time employee,Unlimited contract,German,1000+,Product,No
28.0,Male,Berlin,Data Engineer,5,1,Middle,Scala,Java / Scala,65000.0,0,60000.0,30,Full-time employee,Unlimited contract,English,101-1000,Product,No
29.0,Male,Milan,Data Scientist,4,0,Middle,Python + SQL,"Python, SQL, Spark",37500.0,0,35000.0,16,Full-time employee,Unlimited contract,Italian,101-1000,Consulting / Agency,No
32.0,Male,Berlin,Software Engineer,10,5,Middle,JavaScript,"Javascript / Typescript, SQL, AWS, Docker",65000.0,5000,65000.0,24,Full-time employee,Unlimited contract,English,51-100,Startup,No
28.0,Male,Munich,Software Engineer,5,4,Middle,Java,"Javascript / Typescript, Java / Scala, AWS, Docker",56000.0,8000,52000.0,25,Full-time employee,Unlimited contract,English,11-50,Startup,No
33.0,Male,Berlin,Software Engineer,16,5,Senior,Java,"Python, Kotlin, Java / Scala, Go, Rust, AWS, Kubernetes, Docker",83000.0,17000,80000.0,27,Full-time employee,Unlimited contract,English,1000+,Product,No
34.0,Male,Munich,QA Engineer,5,2,Senior,Java,"Kotlin, Swift",76500.0,0,72000.0,3,Full-time employee,Unlimited contract,English,1000+,Product,No
31.0,Male,Berlin,Frontend Developer,8,3.5,Senior,TypeScript,"Javascript / Typescript, Google Cloud, Kubernetes, Docker",60000.0,0,55000.0,30,Full-time employee,Unlimited contract,English,11-50,Product,No
31.0,Male,Munich,Frontend Developer,8,3,Senior,"Typescript, Web apps",Javascript / Typescript,79000.0,5000,67000.0,30,Full-time employee,Unlimited contract,English,1000+,Product,No
31.0,Male,Berlin,Data Scientist,5,3,Middle,Python,"Python, Java / Scala, SQL, AWS, Docker",90000.0,18000,90000.0,27,Full-time employee,Unlimited contract,English,101-1000,Product,No
27.0,Male,Berlin,ML Engineer,6,1,Middle,Python,AWS,82000.0,38500,78000.0,28,Full-time employee,Unlimited contract,English,1000+,Product,Yes
29.0,Male,Berlin,Backend Developer,10,5,Senior,Scala,"Java / Scala, SQL, Go, Google Cloud, Kubernetes, Docker",78000.0,2000,75000.0,30,Full-time employee,Unlimited contract,English,11-50,Startup,No
31.0,Male,Salzburg,Chief Research Officer,10,2,C-level executive manager,Python,"Python, C/C++, AWS, Kubernetes, Docker",115000.0,25000,81000.0,25,Full-time employee,Unlimited contract,English,51-100,Startup,No
32.0,Male,Berlin,QA Engineer,7,3.5,Senior,Swift,Javascript / Typescript,65000.0,0,62000.0,24,Full-time employee,Temporary contract,English,51-100,Startup,No
35.0,Male,Berlin,SRE,10,3,Senior,Terraform ,"Python, AWS, Kubernetes",75000.0,10000,75000.0,28,Full-time employee,Unlimited contract,English,101-1000,Product,No
28.0,Male,Rome,ML Engineer,2,0,Middle,Java,"Python, C/C++",36000.0,2400,28000.0,36,Full-time employee,Unlimited contract,English,1000+,Product,No
26.0,Male,Berlin,Data Engineer,2,2,Middle,Python,"Python, SQL, AWS, Google Cloud, Kubernetes, Docker",54000.0,1000,31000.0,27,Full-time employee,Unlimited contract,English,1000+,Product,No
25.0,Male,Berlin,Data Engineer,3,3,Senior,Scala,"Python, Java / Scala, SQL, Go, AWS, Google Cloud, Kubernetes, Docker",65000.0,10000,58000.0,27,Full-time employee,Unlimited contract,English,1000+,Product,No
27.0,Male,Berlin,DevOps,4,4,Middle,AWS,"Python, AWS, Docker",66000.0,6000,61200.0,30,Full-time employee,Unlimited contract,English,101-1000,Consulting / Agency,No
38.0,Male,Berlin,Freelance AI lead / advisor,20,7,Head,C,"Python, C/C++, Docker",200000.0,200000,80000.0,0,Self-employed (freelancer),0,English,up to 10,Consulting / Agency,Yes
29.0,Male,Berlin,Frontend Developer,3,3,Middle,React ,Javascript / Typescript,43000.0,4300,43000.0,28,Full-time employee,Unlimited contract,English,51-100,Product,No
30.0,Male,Berlin,Frontend Developer,4,2,Senior,TypeScript,Javascript / Typescript,73000.0,0,70000.0,26,Full-time employee,Unlimited contract,English,101-1000,Product,No
30.0,Male,Berlin,Frontend Developer,11,5,Senior,TypeScript,Java / Scala,74000.0,11000,72000.0,28,Full-time employee,Unlimited contract,English,1000+,Product,No
40.0,Male,Berlin,Engineering manager,15,6,Head,Python,"Python, SQL, Perl, AWS, Google Cloud, Docker",80000.0,0,65000.0,28,Full-time employee,Unlimited contract,English,1000+,Product,No
35.0,Male,Berlin,Software Engineer,15,4,Principal,C++,"Python, Swift, Java / Scala",77000.0,20000,77000.0,30,Full-time employee,Unlimited contract,English,1000+,Product,No
31.0,Male,Berlin,Software Engineer,8,1,Senior,"Java, Kotlin","Kotlin, Java / Scala, AWS",77000.0,0,72000.0,27,Full-time employee,Unlimited contract,English,1000+,Product,No
38.0,Male,Berlin,Data Scientist,15,3,Senior,Python,"Python, SQL, AWS",56000.0,59000,56000.0,21,Full-time employee,Unlimited contract,English,11-50,Product,No
39.0,Male,Hamburg,Data Scientist,10,10,Senior,R,"Python, R, SQL",80000.0,0,80000.0,30,Full-time employee,Unlimited contract,English,1000+,Energy ,No
36.0,Male,Berlin,Engineering Manager,18,10,Head,C++,"Python, Swift, Java / Scala",98000.0,25000,98000.0,30,Full-time employee,Unlimited contract,English,1000+,Product,No
41.0,Male,Berlin,Backend Developer,20,5,Senior,Python,"Python, SQL, AWS, Kubernetes, Docker",93000.0,1000,88000.0,29,Full-time employee,Unlimited contract,English,1000+,Product,No
41.0,Male,Berlin,Software Engineer,18,7,Lead,PHP,"SQL, Google Cloud, Kubernetes, Docker",100000.0,100000,80000.0,28,Full-time employee,Unlimited contract,English,51-100,Product,No
33.0,Male,Berlin,Software Engineer,10,3,Lead,JavaScript,"Javascript / Typescript, AWS, Docker",75000.0,0,70000.0,26,Full-time employee,Unlimited contract,English,101-1000,Startup,No
31.0,Male,Munich,Software Engineer,3,3,Middle,JavaScript,"Javascript / Typescript, Java / Scala",63000.0,63909,50400.0,30,Full-time employee,Unlimited contract,German,51-100,Product,No
45.0,Male,Berlin,Backend Developer,30,1,Senior,PHP,"Javascript / Typescript, Go, AWS, Google Cloud, Docker",55000.0,0,55000.0,24,Full-time employee,Unlimited contract,English,11-50,Startup,No
37.0,Male,Berlin,Embedded Software Engineer,15,1,Senior,C/C++,"Python, C/C++",78000.0,0,78000.0,28,Full-time employee,Unlimited contract,English,1000+,Product,No
31.0,Male,Berlin,Software Engineer,9,5,Lead,JavaScript,"AWS, Docker",99000.0,99000,89000.0,30,Full-time employee,Unlimited contract,English,101-1000,Startup,No
32.0,Male,Amsterdam,Backend Developer,15,0,Senior,Golang,"Python, Javascript / Typescript, SQL, AWS, Kubernetes, Docker",90000.0,0,90000.0,25,Full-time employee,Unlimited contract,English,11-50,Product,No
36.0,Male,Berlin,Backend Developer,14,12,Middle,JavaScript,Docker,75000.0,0,73500.0,30,Full-time employee,Unlimited contract,English,101-1000,Product,No
40.0,Male,Karlsruhe,Team Manager,20,6,Lead,C#,"Python, .NET, Azure, Kubernetes, Docker",85000.0,15000,80000.0,30,Full-time employee,Unlimited contract,English,1000+,Enterprise,No
35.0,Male,Frankfurt,Backend Developer,15,15,Senior,C,"Python, Javascript / Typescript, SQL, Docker",63000.0,7000,63000.0,30,Full-time employee,Unlimited contract,German,51-100,Product,No
33.0,Male,Berlin,Software Engineer,10,6,Lead,C/C++,C/C++,95000.0,15000,75000.0,30,Full-time employee,Unlimited contract,English,1000+,Product,No
31.0,Male,Berlin,Software Engineer,4,2,Middle,Java,"Kotlin, Javascript / Typescript, Docker",67000.0,70500,50000.0,30,Full-time employee,Unlimited contract,English,1000+,Product,No
31.0,Male,Boeblingen,QA Engineer,6,3,Senior,Python,"Python, Squish",53000.0,0,53000.0,30,Full-time employee,Unlimited contract,English,1000+,Consulting / Agency,No
35.0,Male,Berlin,Data Analyst,9,9,Senior,Python,"Python, SQL, AWS, Kubernetes, Docker",77000.0,0,70000.0,28,Full-time employee,Unlimited contract,German,101-1000,Startup,No
35.0,Male,Berlin,Software Engineer,15,10,Senior,.NET,"C/C++, .NET, Go, Docker",80000.0,80000,67000.0,30,Full-time employee,Unlimited contract,English,11-50,Consulting / Agency,No
41.0,Male,Berlin,DevOps,20,14,Senior,"Linux/UNIX, GIT, Virtualisation Platforms, *shell(s) scripts","Python, Javascript / Typescript, SQL, AWS, Google Cloud, Kubernetes, Docker",58800.0,20700,56400.0,35,Full-time employee,Unlimited contract,German,1000+,Bloody enterprise,No
33.0,Male,Berlin,DevOps,8,3,Senior,AWS,"Python, AWS, Kubernetes, Docker",75000.0,1000,72500.0,30,Full-time employee,Unlimited contract,English,1000+,service,No
33.0,Male,Berlin,Data Engineer,13,3,Senior,Python,"Python, Java / Scala, SQL, AWS, Kubernetes, Docker",85000.0,5000,75000.0,26,Full-time employee,Unlimited contract,English,101-1000,Startup,No
38.0,Male,Munich,Software Engineer,15,2,Senior,Java,"Java / Scala, Kubernetes, Docker",70000.0,75000,70000.0,26,Full-time employee,Unlimited contract,English,11-50,Product,No
35.0,Male,Berlin,Software Engineer,10,6,Senior,PHP,"Python, PHP, Javascript / Typescript, SQL",78000.0,78000,78000.0,27,Full-time employee,Unlimited contract,German,up to 10,Product,No
49.0,Male,Munich,Software Engineer,27,19,Senior,Java,"Javascript / Typescript, Java / Scala, SQL, Docker, Groovy",57000.0,0,57000.0,30,Full-time employee,Unlimited contract,German,101-1000,Consulting / Agency,No
32.0,Male,Berlin,Software Engineer,10,7,Lead,TypeScript,Javascript / Typescript,120000.0,0,90000.0,0,Self-employed (freelancer),Temporary contract,Deuglisch,1000+,Concern,Yes
31.0,Male,Paris,Mobile Developer,8,0,Senior,Swift,Swift,60000.0,6000,60000.0,30,Full-time employee,Unlimited contract,English,101-1000,Product,No
28.0,Male,Cologne,Backend Developer,4,4,Middle,Java,Pl/sql,44000.0,6000,44000.0,30,Full-time employee,Unlimited contract,German,101-1000,Product,No
27.0,Male,Berlin,Software Engineer,2,1,Lead,DWH,SQL,90000.0,7000,97000.0,31,Full-time employee,Unlimited contract,English,1000+,Product,No
29.0,Male,Berlin,Frontend Developer,8,5,Head,JavaScript,"Kubernetes, Docker",82500.0,0,65000.0,30,Full-time employee,Unlimited contract,English,1000+,Product,No
28.0,Male,Berlin,QA Engineer,5,1,Middle,QA,Python,60000.0,0,58000.0,30,Full-time employee,Unlimited contract,English,101-1000,Product,No
38.0,Male,Dublin ,Mobile Developer,16,0,Senior,Swift,"Swift, Java / Scala",85000.0,0,85000.0,24,Full-time employee,Unlimited contract,English,101-1000,Product,No
29.0,Male,Berlin,Data Engineer,3,3,Middle,Azure,"Python, SQL, Azure",54000.0,6000,45000.0,30,Full-time employee,Unlimited contract,German,1000+,Utilities,No
30.0,Male,Stockholm,Backend Developer,7,2.5,Senior,C++,"Python, C/C++, Java / Scala, AWS, Kubernetes, Docker",65000.0,9000,60000.0,33,Full-time employee,Unlimited contract,English,1000+,Product,No
37.0,Male,Berlin,Mobile Developer,16,2,Senior,iOS,"Kotlin, C/C++, Swift, Ruby",65000.0,0,55000.0,30,Full-time employee,Unlimited contract,English,101-1000,Product,No
32.0,Male,Berlin,QA Engineer,10,3,Senior,JavaScript,"Java / Scala, Google Cloud, Docker",81000.0,45000,81000.0,30,Full-time employee,Unlimited contract,English,1000+,Product,No
34.0,Male,Munich,Software Engineer,12,8,Senior,Java,"Java / Scala, SQL, Go, Google Cloud, Kubernetes, Docker",74000.0,0,69000.0,30,Full-time employee,Unlimited contract,English,101-1000,Product,No
43.0,Male,Cologne,Backend Developer,10,7,Senior,PHP,PHP,57600.0,8000,57600.0,26,Full-time employee,Unlimited contract,German,101-1000,Product,No
51.0,Male,Berlin,Software Engineer,30,30,Senior,"VB, RPA, Python","Python, PHP, Javascript / Typescript, .NET, SQL, SAP / ABAP",60000.0,5000,50000.0,30,Full-time employee,Unlimited contract,German,1000+,Consulting / Agency,No
35.0,Male,Berlin,Software Engineer,8,5,Senior,Go,"Java / Scala, Go, AWS, Google Cloud, Azure, Kubernetes, Docker",90000.0,100000,85000.0,30,Full-time employee,Unlimited contract,English,1000+,Product,No
32.0,Male,Berlin,Backend Developer,10,3,Lead,Ruby,"Python, Javascript / Typescript, Ruby, SQL, AWS, Docker",80000.0,0,68500.0,28,Full-time employee,Unlimited contract,English,51-100,Product,No
32.0,Male,Berlin,Software Engineer,9,3,Lead,Embedded,"Python, C/C++, Go",73000.0,1000,65000.0,28,Full-time employee,Unlimited contract,English,101-1000,Product,No
26.0,Male,Berlin,Architect ,9,4,Head,Go,"Kotlin, Ruby, Go, Rust, AWS, Kubernetes, Docker",120000.0,50000,95000.0,24,Full-time employee,Unlimited contract,English,1000+,Product,Yes
25.0,Male,Berlin,Software Engineer,6,3,Senior,JavaScript / TypeScript,"AWS, Docker",71750.0,6000,66000.0,30,Full-time employee,Unlimited contract,English,1000+,Product,No
28.0,Male,Frankfurt,Frontend Developer,7,5,Senior,JavaScript,"Javascript / Typescript, AWS, Azure, Docker",80000.0,0,76000.0,29,Full-time employee,Unlimited contract,English,11-50,Startup,No
28.0,Male,Karlsruhe,Backend Developer,7,3,Senior,Java,"Kotlin, Javascript / Typescript, AWS, Kubernetes, Docker",66000.0,3000,66000.0,28,Full-time employee,Unlimited contract,English,1000+,Product,No
35.0,Male,Konstanz,Data Scientist,10,10,Middle,Python,"Python, Azure, Kubernetes",65000.0,0,65000.0,25,Full-time employee,Unlimited contract,English,51-100,Product,No
38.0,Male,Berlin,Head of Engineering,20,9,Head,Java,"Python, Kotlin, Java / Scala, SQL, AWS, Kubernetes, Docker",130000.0,20000,130000.0,30,Full-time employee,Unlimited contract,English,1000+,Corporation,Yes
43.0,Male,Stuttgart,SAP Consultant,20,15,Senior,SAP / ABAP,"SQL, SAP / ABAP",82000.0,12000,82000.0,32,Full-time employee,Unlimited contract,German,1000+,Product,No
38.0,Male,Berlin,Data Scientist,15,2,Head,Python,"Python, SQL, SAP / ABAP, AWS",100000.0,120000,80000.0,27,Full-time employee,Unlimited contract,English,101-1000,Startup,No
35.0,Male,Munich,DevOps,17,5,Lead,Kubrrnetes,"R, AWS, Google Cloud, Kubernetes, Docker",72000.0,8000,72500.0,30,Full-time employee,Unlimited contract,English,1000+,Consulting / Agency,No
37.0,Male,Berlin,Mobile Developer,17,1,Senior,Swift,Javascript / Typescript,77000.0,500,71000.0,28,Full-time employee,Unlimited contract,English,1000+,Product,No
38.0,Male,Stuttgart ,Backend Developer,4,2,Middle,PHP,"Javascript / Typescript, SQL, Docker",43000.0,0,43000.0,30,Full-time employee,Unlimited contract,English,up to 10,Consulting / Agency,No
41.0,Male,Munich,Software Engineer,19,5,Senior,Java,"PHP, Java / Scala, SQL, AWS, Docker",75000.0,0,73000.0,27,Full-time employee,Unlimited contract,English,101-1000,Product,No
29.0,Male,Barcelona,Data Scientist,0,0,Junior,Python,"R, SQL",22000.0,2000,11000.0,22,Full-time employee,Unlimited contract,English,51-100,Product,No
32.0,Male,Berlin,Frontend Developer,13,2,Senior,JavaScript,"PHP, Javascript / Typescript",70000.0,1000,65000.0,25,Full-time employee,Unlimited contract,English,11-50,Product,No
33.0,Male,Dusseldorf,Data Scientist,2,2,Lead,Spark,"Python, Docker",70000.0,6000,60000.0,25,Full-time employee,Unlimited contract,English,1000+,Product,No
43.0,Male,Berlin,Engineering Manager,20,20,Lead,Java,"C/C++, .NET, Java / Scala, AWS, Kubernetes, Docker",105000.0,0,105000.0,30,Full-time employee,Unlimited contract,English,1000+,Product,No
36.0,Male,Berlin,Backend Developer,4,1,Middle,Java,"Python, SQL, Kubernetes, Docker",55000.0,0,55000.0,28,Full-time employee,Unlimited contract,English,101-1000,Product,No
38.0,Male,Berlin,Backend Developer,5,1,Middle,Java,"Kotlin, Java / Scala, Google Cloud, Kubernetes, Docker",66000.0,0,60000.0,28,Full-time employee,Unlimited contract,English,101-1000,Product,No
30.0,Male,Berlin,Frontend Developer,6,1,Senior,JavaScript,"Python, Javascript / Typescript, SQL, SAP / ABAP",79000.0,10000,77000.0,27,Full-time employee,Unlimited contract,English,1000+,Product,No
30.0,Male,Berlin,Backend Developer,8,2,Middle,Python,"SQL, AWS, Kubernetes, Docker",74000.0,11000,72000.0,27,Full-time employee,Unlimited contract,English,1000+,Product,No
35.0,Male,Berlin,Software Engineer,13,5,Lead,TypeScript,"Python, Javascript / Typescript, SQL, AWS, Google Cloud, Kubernetes, Docker, Elixir",103000.0,200000,92000.0,29,Full-time employee,Unlimited contract,English,101-1000,Startup,No
40.0,Male,Berlin,Backend Developer,14,8,Lead,Spring,"Java / Scala, AWS, Azure, Kubernetes, Docker",135000.0,0,65000.0,30,Self-employed (freelancer),Temporary contract,English,101-1000,Product,No
39.0,Male,Cologne,Teamlead,12,12,Head,PHP ,"AWS, Docker",75000.0,75000,75000.0,30,Full-time employee,Unlimited contract,German,up to 10,Startup,No
24.0,Male,Berlin,Software Engineer,2,2,Junior,JavaScript,"Javascript / Typescript, Java / Scala, SQL, AWS, Docker",50000.0,0,35000.0,30,Full-time employee,Unlimited contract,German,1000+,Product,No
39.0,Male,Berlin,Engineering Manager,15,10,Lead,Java,"Python, Kotlin, Javascript / Typescript, SQL, Docker",78000.0,12000,78000.0,30,Full-time employee,Unlimited contract,German,101-1000,Product,No
31.0,Male,Berlin,ML Engineer,7,2,Middle,Python,"AWS, Kubernetes, Docker",80000.0,12000,65000.0,28,Full-time employee,Unlimited contract,English,1000+,Product,No
33.0,Male,Berlin,Mobile Developer,8,2,Senior,swift,SQL,75000.0,1000,75000.0,30,Full-time employee,Unlimited contract,English,1000+,Product,No
36.0,Male,Frankfurt,Software Engineer,16,5,Middle,.NET,".NET, SQL",65000.0,0,65000.0,30,Full-time employee,Unlimited contract,German,51-100,Consulting / Agency,No
39.0,Male,Berlin,Software Engineer,19,7,Senior,Golang,"Python, Ruby, Go, AWS, Google Cloud, Kubernetes, Docker",87000.0,97000,82000.0,unlimited,Full-time employee,Unlimited contract,English,11-50,Startup,No
34.0,Male,Berlin,Data Scientist,6,4.5,Senior,Python,"Python, Javascript / Typescript, SQL, Google Cloud, Docker",80000.0,10000,76000.0,27,Full-time employee,Unlimited contract,English,1000+,Product,No
26.0,Male,Berlin,Data Scientist,4,2,Middle,Python,"Python, SQL, Google Cloud, Docker",60000.0,6000,60000.0,27,Full-time employee,Unlimited contract,English,1000+,E-commerce,No
42.0,Male,Berlin,Frontend Developer,18,5,Senior,React JS,Javascript / Typescript,850000.0,95000,75000.0,35,Full-time employee,Unlimited contract,English,101-1000,Product,Yes
33.0,Male,Berlin,Software Engineer,10,5,Senior,Python,"PHP, Javascript / Typescript, SQL, Go, Google Cloud, Kubernetes, Docker",80000.0,10000,70000.0,28,Full-time employee,Unlimited contract,English,1000+,Product,No
28.0,Male,Berlin,Data Engineer,6,1.5,Middle,Python,"Java / Scala, SQL, Kubernetes, Docker",83000.0,0,75000.0,30,Full-time employee,Unlimited contract,English,1000+,Product,No
35.0,Male,Düsseldorf,Data Scientist,3,3,Middle,Python,"SQL, AWS",68000.0,8000,60000.0,26,Full-time employee,Unlimited contract,English,51-100,E-commerce,No
35.0,Male,Berlin,Consultant,16,6,Senior,Python,"Python, Java / Scala, SQL, Google Cloud",100000.0,30000,100000.0,30,Full-time employee,Unlimited contract,English,1000+,Product,No
38.0,Male,Berlin,Software Engineer,15,3,Senior,Go,"Google Cloud, Docker",75000.0,0,73000.0,28,Full-time employee,Unlimited contract,English,101-1000,Product,No
33.0,Male,Berlin,Software Engineer,10,5,Senior,golang,"Go, Google Cloud, Kubernetes, Docker",110000.0,7000,110000.0,30,Full-time employee,Unlimited contract,English,101-1000,Product,No
42.0,Male,Berlin,Software Engineer,20,2,Senior,PHP,"PHP, Javascript / Typescript, AWS, Docker",65000.0,5000,63000.0,27,Full-time employee,Unlimited contract,English,101-1000,Startup,No
31.0,Male,Nuremberg,QA Engineer,9,5,Middle,Java,"Javascript / Typescript, Java / Scala",60000.0,65000,57000.0,30,Full-time employee,Unlimited contract,English,1000+,Product,No
35.0,Male,Berlin,Engineering Manager,20,6,Lead,Go,"PHP, Java / Scala, Go, AWS, Docker",85000.0,0,75000.0,26,Full-time employee,Unlimited contract,English,11-50,Product,No
37.0,Male,Berlin,Software Engineer,11,5,Senior,Python,"C/C++, SQL, Docker",73000.0,30000,67000.0,28,Full-time employee,Unlimited contract,English,101-1000,Product,No
34.0,Male,Berlin,Mobile Developer,9,2,Senior,iOS,Swift,80000.0,10000,67000.0,27,Full-time employee,Unlimited contract,English,1000+,Product,No
46.0,Male,Stuttgart,Software Engineer,13,6,Middle,C++,Python,70000.0,3000,68000.0,30,Full-time employee,Unlimited contract,English,1000+,Product,No
34.0,Male,Berlin,Lead Software Developer,13,2,Lead,C#,".NET, Kubernetes, Docker",65000.0,0,65000.0,30,Full-time employee,Unlimited contract,English,51-100,Product,No
35.0,Male,Berlin,Software Engineer,15,4,Senior,Java,"Python, SQL, AWS, Docker",85000.0,0,85000.0,25,Full-time employee,Unlimited contract,English,11-50,Product,No
31.0,Male,Berlin,Software Engineer,7,5,Lead,Python,"Python, Javascript / Typescript, SQL, Go, AWS, Google Cloud, Kubernetes, Docker",80000.0,10000,85000.0,28,Full-time employee,Unlimited contract,English,1000+,Product,Yes
24.0,Male,Berlin,Software Engineer,2,2,Junior,Java,"Python, Java / Scala, SQL, AWS, Google Cloud, Kubernetes, Docker",60000.0,0,60000.0,28,Full-time employee,Unlimited contract,German,up to 10,Consulting / Agency,No
30.0,Male,Hannover,Software Engineer,5,3,Middle,Python,"Javascript / Typescript, Java / Scala, SQL",45000.0,0,45000.0,30,Full-time employee,Unlimited contract,English,up to 10,Startup,No
37.0,Male,Walldorf,ML Engineer,15,15,Lead,Python,"AWS, Google Cloud, Kubernetes, Docker",80000.0,15000,75000.0,30,Full-time employee,Unlimited contract,English,1000+,Product,No
39.0,Male,Munich,Software Engineer,8,7,Senior,Python,C/C++,130000.0,50000,125000.0,30,Full-time employee,Unlimited contract,English,1000+,Product,No
30.0,Male,Hamburg,Data Scientist,5,4,Head,Python,"R, SQL, AWS",80000.0,90000,70000.0,25,Full-time employee,Unlimited contract,English,11-50,Startup,No
44.0,Male,Frankfurt,Software Engineer,10,10,Senior,SAP ABAP,SAP / ABAP,75000.0,80000,73000.0,30,Full-time employee,Unlimited contract,Russian,101-1000,Product,No
26.0,Male,Munich,ML Engineer,5,4,Senior,Spark,"Python, Java / Scala, R, SQL",180000.0,0,190000.0,40,Self-employed (freelancer),Temporary contract,German,up to 10,Consulting / Agency,No
28.0,Male,Frankfurt,Mobile Developer,5,1,Senior,Swift,Swift,50000.0,0,50000.0,24,Full-time employee,Unlimited contract,English,11-50,Consulting / Agency,No
28.0,Male,"Warsaw, Poland",Software Engineer,6,3 (in Poland),Middle,C#,"Javascript / Typescript, .NET, SQL",52800.0,4400,47500.0,26,Full-time employee,Unlimited contract,English,51-100,Consulting / Agency,No
29.0,Male,Munich,Data Scientist,4,4,Middle,Python,"Java / Scala, SQL, AWS, Azure",61500.0,66500,53000.0,30,Full-time employee,Unlimited contract,English,11-50,Consulting / Agency,No
29.0,Male,Munich,Software Engineer,4,4,Middle,R,"Python, SQL",78000.0,4000,78000.0,30,Full-time employee,Unlimited contract,English,1000+,Semiconductor,No
36.0,Male,Berlin,CTO,"15, thereof 8 as CTO",13,C-Level,Java & PHP,"Python, PHP, Javascript / Typescript, Java / Scala, SQL, AWS, Google Cloud, Kubernetes, Docker",150000.0,50000,120000.0,30,Full-time employee,Unlimited contract,German,101-1000,Media,No
37.0,Male,Munich,Software Engineer,14,6,Head,TypeScript,"Python, Javascript / Typescript, Java / Scala, SQL, AWS, Google Cloud, Docker",84000.0,84000,84000.0,30,Full-time employee,Unlimited contract,English,up to 10,Product,No
35.0,Male,Berlin,Data Analyst,5,5,Middle,R,"R, SQL, Google Cloud",49000.0,0,48000.0,26,Full-time employee,Unlimited contract,English,101-1000,Product,No
36.0,Male,Berlin,Backend Developer,5,2,Senior,Java,"Java / Scala, Kubernetes, Docker",70000.0,0,60000.0,28,Full-time employee,Unlimited contract,English,101-1000,Startup,No
33.0,Male,Munich,Backend Developer,10,10,Senior,Java,"Python, Kotlin, Go, Kubernetes",70000.0,0,70000.0,30,Full-time employee,Unlimited contract,English,11-50,Consulting / Agency,No
30.0,Male,Berlin,Software Engineer,10,7,Lead,Frontend,"C/C++, Javascript / Typescript, Go, AWS, Docker",115000.0,17000,100000.0,28,Full-time employee,Unlimited contract,English,1000+,Consulting / Agency,No
34.0,Male,Berlin,BI Developer / Data Engineer,10,5,Senior,SQL,Python,75000.0,7500,65000.0,30,Full-time employee,Unlimited contract,English,101-1000,Product,No
34.0,Male,Berlin,DevOps,12,2,Lead,Kubernetes,"Python, Go, AWS, Kubernetes, Docker",94000.0,0,92000.0,28,Full-time employee,Unlimited contract,English,1000+,Product,No
31.0,Male,Munich,ML Engineer,4,4,Senior,Python,Python,100000.0,100000,86000.0,20,Full-time employee,Unlimited contract,English,1000+,Product,No
33.0,Male,Frankfurt,Software Engineer,8,5,Senior,C#,"Javascript / Typescript, .NET, SQL",67000.0,6000,63500.0,28,Full-time employee,Unlimited contract,English,11-50,Product,No
33.0,Male,Heilbronn,Senior Scrum Master (RTE),7,7,Lead,C++,C/C++,90000.0,0,104000.0,30,Full-time employee,Unlimited contract,German,1000+,Product,No
31.0,Male,Berlin,Backend Developer,9,9,Senior,"Grails, Groovy","Java / Scala, SQL, AWS",67473.0,0,63000.0,28,Full-time employee,Unlimited contract,English,101-1000,Product,No
35.0,Male,Berlin,Data Scientist,15,10,Middle,C++,Python,60000.0,0,60000.0,30,Full-time employee,Temporary contract,English,101-1000,Product,No
33.0,Male,Munich,SRE,10,4,Senior,PHP,"Python, Javascript / Typescript, Ruby, Java / Scala, AWS, Kubernetes, Docker",79000.0,0,75000.0,30,Full-time employee,Unlimited contract,English,1000+,Product,No
39.0,Male,Düsseldorf ,Technical project manager,12,4,Senior,PHP,SQL,65000.0,6000,58000.0,30,Full-time employee,Unlimited contract,German,1000+,Consulting / Agency,No
38.0,Male,Berlin,Backend Developer,8,8,Senior,Perl,"SQL, Go, AWS, Docker",64000.0,73000,64000.0,30,Full-time employee,Unlimited contract,German,1000+,Product,No
34.0,Male,Munich,Backend Developer,13,2,Lead,Java,"Kotlin, Javascript / Typescript, Java / Scala, AWS, Azure, Kubernetes, Docker",105000.0,15000,70000.0,30,Full-time employee,Unlimited contract,English,11-50,Startup,No
27.0,Male,Berlin,Data Engineer,6,3,Middle,Python,"Python, AWS",74000.0,21000,70000.0,25,Full-time employee,Unlimited contract,English,1000+,Product,No
38.0,Male,Berlin,Software Engineer,12,6,Senior,Java,Kotlin,92000.0,40000,85000.0,Unlimited,Full-time employee,Unlimited contract,English,1000+,Product,No
34.0,Male,City in Russia,Software Architect,14,0,Lead,Haskell,"Python, C/C++, .NET, SQL",100000.0,0,80000.0,30,Full-time employee,Temporary contract,English,51-100,Product,No
29.0,Male,Berlin,Frontend Developer,8,7,Senior,JavScript,"Javascript / Typescript, AWS, Docker",77250.0,87250,65000.0,27,Full-time employee,Unlimited contract,English,101-1000,Product,No
36.0,Male,Berlin,Software Engineer,5,1,Middle,JavaScript,Javascript / Typescript,60000.0,0,60000.0,26,Full-time employee,Unlimited contract,English,101-1000,Startup,No
43.0,Male,Berlin,Software Engineer,20,3,Middle,Ruby,"Kotlin, PHP, Ruby, Java / Scala, SQL, AWS, Kubernetes, Docker",70000.0,20000,70000.0,25,Full-time employee,Unlimited contract,English,1000+,Product,No
36.0,Male,Nuremberg,Software Engineer,20,20,Lead,Java,"Java / Scala, SQL, Kubernetes, Docker",74000.0,6000,74000.0,28,Full-time employee,Unlimited contract,German,1000+,Finance,No
26.0,Male,Berlin,Backend Developer,2,2,Junior,PHP,"PHP, Javascript / Typescript, SQL, Docker",25000.0,1000,25000.0,24,Full-time employee,Unlimited contract,German,11-50,Product,No
34.0,Male,Stuttgart ,Software Engineer,6,6,Head,C++,"Python, Javascript / Typescript, Java / Scala, R, SQL, AWS, Google Cloud, Azure, Kubernetes, Docker",90000.0,1000,70000.0,30,Full-time employee,Unlimited contract,German,1000+,Product,No
30.0,Male,Frankfurt,Big Data Engineer,3,3,Middle,Python,"SQL, Docker, Apache Spark, Apache Hadoop, Oracle, PostgreSQL, Bash, Apache Impala, Apache Hive",65000.0,3000,47000.0,30,Full-time employee,Unlimited contract,English,101-1000,Consulting and Product,No
26.0,Male,Berlin,Software Engineer,5,1,Middle,Python (Django),"Python, Javascript / Typescript, SQL, Google Cloud, Kubernetes, Docker",69000.0,2000,60000.0,27,Full-time employee,Unlimited contract,English,101-1000,Product,No
26.0,Male,Berlin,Backend Developer,6,3,Senior,Go,"PHP, Go",70000.0,71000,64000.0,27,Full-time employee,Unlimited contract,English,1000+,Product,No
23.0,Male,Dublin,Data Analyst,3,0,Senior,Python,"Python, R, SQL",49200.0,2000,44500.0,21,Full-time employee,Unlimited contract,English,1000+,Product,No
28.0,Male,Berlin,ML Engineer,1,1,Junior,Python,"C/C++, AWS, Google Cloud, Docker",43000.0,43000,42000.0,14,Full-time employee,Unlimited contract,English,up to 10,Startup,Yes
35.0,Male,Berlin,Data Scientist,12,3.5,Senior,Python,"R, SQL, AWS, Docker",77000.0,12000,65000.0,27,Full-time employee,Unlimited contract,English,1000+,Startup,Yes
26.0,Male,Lisbon,Software Engineer,4,0,Middle,JavaScript,"Javascript / Typescript, Ruby, SQL",21000.0,0,19000.0,22,Full-time employee,Unlimited contract,English,51-100,Product,No
30.0,Male,Barcelona,Data Scientist,5,0,Senior,R,"Python, SQL",40000.0,0,40000.0,25,Full-time employee,Unlimited contract,Spanish,1000+,Consulting / Agency,No
24.0,Male,Sofia,ML Engineer,5,0,Senior,Python,"Python, C/C++, SQL, Google Cloud, Kubernetes, Docker",64000.0,0,40000.0,20,Full-time employee,Unlimited contract,English,11-50,Startup,No
35.0,Male,Frankfurt,Manager ,6,5,Head,C,"Python, C/C++, Docker",90000.0,7500,88000.0,30,Full-time employee,Unlimited contract,English,1000+,Product,No
27.0,Male,Rome,Data Scientist,2,0,Junior,SQL,"Python, SQL, Google Cloud",25300.0,3000,25300.0,24,Full-time employee,Temporary contract,Italian,1000+,Consulting / Agency,No
29.0,Male,Bonn,Data Scientist,2,2,Middle,Python,SQL,55200.0,0,50000.0,30,Full-time employee,Temporary contract,English,1000+,Product,No
29.0,Male,Berlin,AI Management,6,6,Head,Python,"Python, Azure, Docker",92000.0,14000,75000.0,30,Full-time employee,Unlimited contract,German,1000+,Product,No
34.0,Male,Berlin,Backend Developer,14,6,Lead,Kotlin,"Python, Kotlin, Java / Scala, SQL, AWS, Kubernetes, Docker",96000.0,100000,85000.0,29,Full-time employee,Unlimited contract,English,1000+,Startup,No
35.0,Male,Luttich,Data Scientist,12,0,Lead,Python,"Python, R, Spark",85000.0,95000,80000.0,37.5,Full-time employee,Unlimited contract,English,1000+,Product,No
54.0,Male,Milano,Sales ,31,6,Head,Network Automation,Python,110000.0,100000,110000.0,29,Full-time employee,Unlimited contract,English,11-50,Consulting / Agency,No
31.0,Male,Berlin,Software Engineer,6,4,Senior,Kotlin,"Kotlin, PHP, Java / Scala, SQL, Go, AWS, Kubernetes",90000.0,99000,80000.0,28,Full-time employee,Unlimited contract,English,1000+,Product,No
36.0,Male,Zurich,Backend Developer,15,2,Senior,C++,"C/C++, Java / Scala",172000.0,100000,169000.0,25,Full-time employee,Unlimited contract,English,1000+,Product,No
28.0,Male,Frankfurt,XR Developer,8,1,Lead,C#,"Python, Javascript / Typescript",25000.0,2000,25000.0,1,Full-time employee,Temporary contract,English,11-50,Startup,No
36.0,Male,Munich,DevOps,14,6,Middle,PowerShell,SQL,65000.0,5000,58040.0,30,Full-time employee,Unlimited contract,German,101-1000,Consulting / Agency,No
33.0,Male,Berlin,Backend Developer,13,1.5,Senior,Python,"Python, Go, Docker",83000.0,0,73000.0,30,Full-time employee,Unlimited contract,English,51-100,Startup,No
35.0,Male,Berlin,Data Engineer,6,6,Senior,Java,"Python, Java / Scala, SQL, Go, AWS, Kubernetes, Docker",200000.0,200000,200000.0,14,Self-employed (freelancer),Temporary contract,English,11-50,Startup,No
35.0,Male,Berlin,Software Engineer,2,2,Middle,"python, scala","Python, Java / Scala, SQL, AWS, Docker",50000.0,500,42000.0,45,Full-time employee,Unlimited contract,English,1000+,Product,No
29.0,Male,Berlin,DevOps,11,7,Lead,TypeScript,"Python, Javascript / Typescript, SQL, Google Cloud, Kubernetes, Docker",140000.0,0,140000.0,5,Self-employed (freelancer),Unlimited contract,English,up to 10,Startup,No
32.0,Male,Hamburg,Backend Developer,14,6,Lead,Java,"Javascript / Typescript, .NET, SQL",80000.0,5000,70000.0,28,Full-time employee,Unlimited contract,English,101-1000,Startup,No
30.0,Male,Munich,Data Scientist,2,2,Middle,Python,"Python, C/C++, Java / Scala, AWS, Azure, spark",50000.0,5000,45000.0,30,Full-time employee,Unlimited contract,English,11-50,Startup,No
30.0,Male,Berlin,ML Engineer,6,2,Middle,Python,"SQL, AWS, Docker",59000.0,0,54000.0,28,Full-time employee,Unlimited contract,English,51-100,Startup,No
30.0,Male,Frankfurt,Data Scientist,5,4,Middle,Python,"Javascript / Typescript, Java / Scala, R, Google Cloud, Azure, Kubernetes, Docker",52500.0,0,52500.0,30,Full-time employee,Unlimited contract,English,11-50,Startup,No
31.0,Male,Berlin,Data Analyst,7,6,Senior,SQL,"Python, R, SQL",83000.0,20000,75000.0,26,Full-time employee,Unlimited contract,English,101-1000,Startup,No
28.0,Male,warsaw,Data Scientist,3,0,Middle,Python,"Java / Scala, SQL, AWS, Google Cloud",50000.0,10000,30000.0,21,Self-employed (freelancer),Unlimited contract,English,101-1000,Product,No
29.0,Male,Berlin,Data Scientist,5,2,Senior,Python,"Python, R, SQL, Google Cloud",75000.0,0,75000.0,24,Full-time employee,Unlimited contract,English,11-50,Startup,Yes
40.0,Male,Mannheim,Software Engineer,9,9,Middle,C,"Python, C/C++, Javascript / Typescript, Java / Scala, Perl, MATLAB",88000.0,5000,87000.0,30,Full-time employee,Unlimited contract,English,1000+,Product,No
38.0,Male,Munich,Product Manager,12,12,Senior,Node,"Python, PHP, SQL",74000.0,14000,71000.0,30,Full-time employee,Unlimited contract,English,1000+,Product,No
32.0,Male,Berlin,Data Engineer,7,5,Senior,Python/SQL,"AWS, Kubernetes, Docker",82000.0,82000,75000.0,30,Full-time employee,Unlimited contract,English,101-1000,Product,No
37.0,Male,Berlin,Data Scientist,10,10,Senior,Python,"Python, SQL, AWS, Azure, Kubernetes, Docker",82000.0,0,79000.0,30,Full-time employee,Unlimited contract,English,101-1000,Product,No
29.0,Male,Karlsruhe,DevOps,6,5,Senior,"php, js, python, docker","SQL, AWS, Azure",64800.0,9450,58800.0,30,Full-time employee,Unlimited contract,English,11-50,Startup,No
39.0,Male,Berlin,Software Engineer,12,6,Lead,JavaScript,"Python, Javascript / Typescript, SQL, AWS, Docker",82000.0,2000,80000.0,30,Full-time employee,Unlimited contract,English,1000+,Product,No
32.0,Male,Vienna,DataOps Team Lead,10,10,Lead,Java,"Javascript / Typescript, SQL, Go, Google Cloud, Kubernetes, Docker",80000.0,40000,80000.0,25,Full-time employee,Unlimited contract,German,1000+,Transport & Logistics,No
30.0,Male,Berlin,Software Engineer,9,1,Middle,"TypeScript, Kotlin","Kotlin, Javascript / Typescript, Rust",77000.0,0,74000.0,26,Full-time employee,Unlimited contract,English,1000+,Product,No
25.0,Male,Hamburg,Backend Developer,5,1,Middle,Java,"Kotlin, SQL",53500.0,53500,50000.0,29,Full-time employee,Unlimited contract,English,1000+,Product,No
39.0,Male,Siegen,Software Engineer,16,6,Senior,Embedded,C/C++,62400.0,5000,60000.0,30,Full-time employee,Unlimited contract,Russian,1000+,Product,No
32.0,Male,Innsbruck,Data Scientist,3,0,Senior,Python,"R, SQL, AWS, Google Cloud",62000.0,3000,62000.0,25,Full-time employee,Unlimited contract,English,1000+,Product,No
34.0,Male,Berlin,Backend Developer,10,4,Middle,Java,Docker,65600.0,800,67000.0,30,Full-time employee,Unlimited contract,English,101-1000,Product,No
28.0,Male,Berlin,Data Scientist,6,6,Lead,"Python, SQL","Python, Javascript / Typescript, SQL, AWS, Google Cloud",78000.0,0,78000.0,26,Full-time employee,Unlimited contract,English,51-100,Consulting / Agency,No
35.0,Male,Berlin,Software Engineer,20,5,Senior,JavaScript,"Javascript / Typescript, AWS, Kubernetes, Docker",100000.0,0,90000.0,32,Full-time employee,Unlimited contract,English,1000+,Product,No
28.0,Male,Munich,Software Engineer,3,3,Junior,.NET,"Python, C/C++, .NET",65000.0,13000,65000.0,30,Full-time employee,Unlimited contract,English,1000+,Finance,No
36.0,Male,Berlin,Software Engineer,10,10,Principal,Java & Distributed Systems Stuff,"Python, Javascript / Typescript, Java / Scala, SQL, Google Cloud, Kubernetes, Docker",100000.0,35000,85000.0,28,Full-time employee,Unlimited contract,English,1000+,Product,No
30.0,Male,Heidelberg,Software Engineer,9,4,Senior,.NET,"Javascript / Typescript, .NET, Docker",60000.0,2000,55000.0,30,Full-time employee,Temporary contract,English,1000+,Research,No
30.0,Male,Heidelberg,Software Engineer,9,4,Senior,.NET,"Javascript / Typescript, .NET, Docker",60000.0,2000,55000.0,30,Full-time employee,Temporary contract,English,1000+,Research,No
28.0,Male,Zurich,Software Engineer,6,0,Middle,C++,"Python, C/C++, Java / Scala",100000.0,18000,140000.0,25,Full-time employee,Unlimited contract,German,11-50,Product,No
26.0,Male,Berlin,Product Analyst,4,3,Middle,Python,"Python, Javascript / Typescript, SQL, Google Cloud",55000.0,0,45000.0,26,Full-time employee,Unlimited contract,English,1000+,Product,No
31.0,Male,Munich,Software Engineer,5,2,Middle,Java,"Javascript / Typescript, Java / Scala, SQL, Docker",74000.0,3000,68000.0,27,Full-time employee,Unlimited contract,English,1000+,Product,No
36.0,Male,Munich,Software Engineer,13,5,Head,Java,"Javascript / Typescript, Java / Scala, AWS, Azure, Kubernetes, Docker",90000.0,5000,80000.0,30,Full-time employee,Unlimited contract,English,101-1000,Product,No
31.0,Male,Berlin,Software Engineer,7,2,Senior,Java,"SQL, AWS, Kubernetes, Docker",75000.0,12500,75000.0,30,Full-time employee,Unlimited contract,English,101-1000,Product,No
36.0,Male,Berlin,Backend Developer,16,8,Lead,Scala,"Python, Kotlin, Java / Scala, SQL, AWS, Kubernetes, Docker",120000.0,120000,120000.0,30,Full-time employee,Unlimited contract,English,101-1000,Startup,No
30.0,Male,Berlin,Backend Developer,4,2,Middle,Python,Python,58000.0,0,55000.0,24,Full-time employee,Unlimited contract,English,101-1000,Product,No
35.0,Male,Berlin,Software Engineer,12,6,Middle,Kotlin,"Python, Ruby, Java / Scala, AWS",75000.0,95000,74000.0,28,Full-time employee,Unlimited contract,English,1000+,Product,No
28.0,Male,Cologne,Software Engineer,5,1,Middle,Java,"Python, Kotlin, Javascript / Typescript, SQL, Docker",50000.0,50000,50000.0,25,Full-time employee,Unlimited contract,Russian,101-1000,Product,No
42.0,Male,Berlin,Backend Developer,19,3,Senior,PHP,"Kotlin, SQL, Kubernetes, Docker",66000.0,4000,65000.0,26,Full-time employee,Unlimited contract,English,101-1000,Product,No
34.0,Male,Berlin,Backend Developer,14,4,Senior,Kotlin,"Java / Scala, SQL, AWS, Kubernetes, Docker",95000.0,125000,90000.0,28,Full-time employee,Unlimited contract,English,1000+,Product,No
31.0,Male,Berlin,Software Engineer,4,4,Senior,Python,"Python, Javascript / Typescript, AWS, Docker",68000.0,0,64000.0,30,Full-time employee,Unlimited contract,English,101-1000,Startup,No
32.0,Male,Berlin,Software Engineer,13,5,Lead,JavaScript,"Javascript / Typescript, SQL, AWS, Docker",83000.0,3000,80000.0,30,Full-time employee,Unlimited contract,English,1000+,Product,No
36.0,Male,Prefer not to say,ML Engineer,6,6,Senior,Python,"Python, R, Docker",110000.0,25000,65000.0,30,Full-time employee,Unlimited contract,English,101-1000,Startup,No
26.0,Male,Munich,Software Engineer,6,2,Senior,TypeScript,"AWS, Docker",93000.0,10000,80000.0,30,Full-time employee,Unlimited contract,English,11-50,Startup,No
34.0,Male,Munich,Data Scientist,10,10,Senior,Python,"R, SQL, AWS, Docker",85000.0,20000,62500.0,28,Full-time employee,Unlimited contract,English,101-1000,Consulting / Agency,No
38.0,Male,Berlin,Data Scientist,10,9,Senior,Python,Python,87550.0,0,85000.0,30,Full-time employee,Unlimited contract,German,101-1000,Product,No
31.0,Male,Berlin,Backend Developer,9,1,Senior,NodeJS/TS,Javascript / Typescript,65000.0,5000,65000.0,27,Full-time employee,Unlimited contract,English,51-100,Startup,No
25.0,Male,Hamburg,ML Engineer,2,2,Middle,Python,.NET,60000.0,65000,48000.0,28,Full-time employee,Unlimited contract,German,11-50,Product,No
35.0,Male,Munich,Software Engineer,14,1,Senior,C++,"Python, C/C++",98000.0,28000,90000.0,30,Full-time employee,Unlimited contract,English,1000+,Product,No
37.0,Male,Berlin,Software Engineer,12,6,Middle,PHP,"PHP, SQL, Docker",65000.0,31500,65000.0,26,Full-time employee,Unlimited contract,English,1000+,Product,No
32.0,Male,Hamburg,ML Engineer,4,1.5,Middle,"Python, Whole Apache Data Science Stack, AWS","Javascript / Typescript, SQL, AWS, Docker",37500.0,0,34000.0,24,Full-time employee,Unlimited contract,German,101-1000,Consulting / Agency,No
36.0,Male,Berlin,Staff Engineer,15,4,Lead,Go,"PHP, AWS, Kubernetes, Docker",85000.0,3000,80000.0,28,Full-time employee,Unlimited contract,English,1000+,Product,No
32.0,Male,Berlin,Designer (UI/UX),5,10,Senior,Java,"Python, PHP, Javascript / Typescript, SQL",70000.0,5000,65000.0,24,Self-employed (freelancer),Unlimited contract,German,up to 10,Startup,No
33.0,Male,Berlin,Head of IT,3,3,Head,Python,"Python, Javascript / Typescript, Docker",100000.0,20000,65000.0,32,Full-time employee,Unlimited contract,German,51-100,Product,yes but found a new one with better pay / perks
35.0,Male,Berlin,Backend Developer,13,5,Senior,PHP,"PHP, SQL, Go, AWS, Docker",68000.0,0,68000.0,26,Full-time employee,Unlimited contract,English,1000+,Product,No
30.0,Male,Hamburg,Data Scientist,5,5,Middle,Python,"Python, C/C++, SQL, AWS",55000.0,60000,55000.0,30,Full-time employee,Unlimited contract,English,101-1000,Product,No
33.0,Male,Munich,Software Engineer,5,5,Senior,Embedded C++,"Python, C/C++",61000.0,63000,58000.0,30,Full-time employee,Unlimited contract,English,1000+,Consulting / Agency,No
31.0,Male,Berlin,Data Engineer,4,2,Middle,Python,"Python, SQL, AWS, Docker",50000.0,0,45000.0,30,Full-time employee,Unlimited contract,English,101-1000,Product,No
32.0,Male,Munich,Software Engineer,10,3,Lead,Swift,Java / Scala,75000.0,5000,75000.0,27,Full-time employee,Unlimited contract,English,101-1000,Product,No
35.0,Male,Frankfurt,Software Engineer,10,1,Senior,Java,"Python, .NET, Java / Scala, SQL, Kubernetes, Docker",60000.0,5000,60000.0,30,Full-time employee,Unlimited contract,English,101-1000,Consulting / Agency,No
27.0,Male,Munich,Software Engineer,2,5,Junior,Java,Javascript / Typescript,68000.0,2000,60000.0,28,Full-time employee,Unlimited contract,English,101-1000,Product,No
38.0,Male,Berlin,Full-Stack Developer,1,1,Junior,Javascript/Typescript,AWS,45500.0,45500,40000.0,28,Full-time employee,Unlimited contract,English,51-100,Startup,No
34.0,Male,Munich,DevOps,12,2,Middle,Java,"Python, SQL, Perl",72000.0,8000,72000.0,28,Full-time employee,Unlimited contract,English,101-1000,Product,No
35.0,Male,Darmstadt,Data Scientist,4,4,Senior,Python,"Javascript / Typescript, Java / Scala, Docker",67000.0,5000,60000.0,30,Full-time employee,Unlimited contract,English,51-100,Product,No
35.0,Male,Duesseldorf,DevOps,17,5,Senior,Linux,"SQL, AWS, Google Cloud, Azure, Kubernetes, Docker",85000.0,2000,68000.0,30,Full-time employee,Unlimited contract,English,1000+,Consulting / Agency,No
29.0,Male,Berlin,DevOps,7,3,Senior,"Kuberenetes, Openstack","Python, Go, Kubernetes, Docker, Openstack",82000.0,0,78000.0,28,Full-time employee,Unlimited contract,English,101-1000,Consulting / Agency,No
35.0,Male,Berlin,Software Engineer,15,4,Senior,Java,Kotlin,85000.0,10000,80000.0,30,Full-time employee,Unlimited contract,English,101-1000,Product,No
34.0,Male,Cologne,CTO,14,2,Lead,C#,"Javascript / Typescript, .NET, SQL, Azure, Kubernetes, Docker",84000.0,92000,72000.0,21,Full-time employee,Unlimited contract,English,11-50,Product,No
42.0,Male,Hamburg,Data Scientist,2,2,Senior,Python,"Python, SQL, Google Cloud",80000.0,7000,65000.0,30,Full-time employee,Unlimited contract,German,1000+,Old industry,No
43.0,Male,Munich,Product Manager,18,9,Lead,.NET,Kotlin,115000.0,6000,115000.0,25,Full-time employee,Unlimited contract,English,1000+,Product,No
41.0,Male,Munich,Software Engineer,15,15,Senior,Kotlin,"Python, Java / Scala, SQL, AWS",99000.0,1200,99000.0,39,Full-time employee,Unlimited contract,German,1000+,Product,No
33.0,Male,Berlin,Backend Developer,8,6,Lead,NodeJS,"Python, Javascript / Typescript, SQL, AWS, Azure, Kubernetes, Docker",90000.0,20000,85000.0,25,Full-time employee,Unlimited contract,English,101-1000,Product,No
28.0,Male,Berlin,ML Engineer,5,3,Middle,"Python, Pytorch","Python, AWS, Google Cloud, Docker",54000.0,10000,52000.0,27,Full-time employee,Unlimited contract,English,up to 10,Startup,No
28.0,Male,Brussels,Robotics Engineer,3,0,Middle,C++,"Python, C/C++, Javascript / Typescript, Docker",45000.0,0,45000.0,25,Full-time employee,Unlimited contract,English,up to 10,Startup,No
26.0,Male,Stockholm,ML Engineer,2.5,0,Middle,Python/NLP,"Python, AWS, Google Cloud, Kubernetes, Docker",60000.0,60000,37500.0,30,Full-time employee,Unlimited contract,English,1000+,Product,Yes
39.0,Male,Berlin,Software Engineer,15,4,Lead,Java,"Java / Scala, Google Cloud, Kubernetes",75000.0,75000,65000.0,24,Full-time employee,Unlimited contract,English,51-100,Startup,No
32.0,Male,Copenhagen,Data Scientist,6,6,Senior,Python,"Python, Azure",92000.0,5000,90000.0,25,Full-time employee,Unlimited contract,English,up to 10,Startup,No
56.0,Male,Munich,Software Engineer,30,19,Lead,C++,"Python, C/C++, Javascript / Typescript, Java / Scala, AWS, Kubernetes, Docker",110000.0,110000,90000.0,25,Full-time employee,Unlimited contract,English,51-100,Product,No
30.0,Male,Berlin,Data Scientist,4.5,2.5,Middle,Python,"Python, SQL, AWS, Docker",60000.0,10000,60000.0,24,Full-time employee,Unlimited contract,English,51-100,Startup,No
27.0,Male,Munich,QA Engineer,6,4,Middle,Python,"Python, C/C++, Docker",70000.0,75000,67000.0,30,Full-time employee,Unlimited contract,English,1000+,Product,No
27.0,Male,Berlin,Data Engineer,0,0,Junior,Python,"Python, SQL, Azure, Docker",40000.0,0,34000.0,30,Full-time employee,Unlimited contract,German,1000+,Consulting / Agency,No
32.0,Male,Berlin,Software Engineer,11,1,Senior,Scala,"Ruby, Java / Scala, AWS, Kubernetes, Docker",72500.0,10000,70000.0,27,Full-time employee,Unlimited contract,English,1000+,Product,No
30.0,Male,Berlin,Backend Developer,9,5,Senior,Scala,"Java / Scala, AWS, Kubernetes",85000.0,90000,82000.0,24,Full-time employee,Unlimited contract,English,1000+,Product,No
36.0,Male,Stuttgart,Mobile Developer,16,4,Lead,Java,"Kotlin, Java / Scala, SQL, AWS, Docker",62500.0,0,59500.0,32,Full-time employee,Unlimited contract,English,51-100,Product,No
33.0,Male,Berlin,Engineering Manager,15,4,Lead,Java,"Kotlin, Java / Scala, AWS, Kubernetes, Docker",85000.0,15000,80000.0,28,Full-time employee,Unlimited contract,English,1000+,Product,No
32.0,Male,Munich,Software Engineer,13,7,Middle,Java,"Javascript / Typescript, SQL, AWS, Docker",95000.0,35000,79000.0,30,Full-time employee,Unlimited contract,English,1000+,Product,No
34.0,Male,Berlin,Backend Developer,12,4,Senior,Kotlin,"Go, Rust, Kubernetes",75000.0,7500,72000.0,27,Full-time employee,Unlimited contract,English,1000+,Product,No
54.0,Male,Munich,Software Engineer,25,15,Middle,Python,"Python, C/C++, Javascript / Typescript, Java / Scala, SQL, Kubernetes, Docker",75000.0,5000,80000.0,29,Full-time employee,Unlimited contract,English,1000+,Consulting / Agency,No
28.0,Male,Sevilla,DatabEngineer,4,0,Middle,GCP,"Python, Java / Scala, R, SQL, Google Cloud",30000.0,0,30000.0,24,Full-time employee,Unlimited contract,Spanish,51-100,Consulting / Agency,No
38.0,Male,Berlin,Data Scientist,6,3,Lead,Python,"R, AWS",110000.0,70000,110000.0,28,Full-time employee,Unlimited contract,English,1000+,Product,No
36.0,Male,Berlin,Software Engineer,15,6,Senior,PHP,"Kotlin, AWS, Kubernetes, Docker",70000.0,2000,67000.0,26,Full-time employee,Unlimited contract,English,101-1000,Product,No
36.0,Male,Munich,Software Engineer,15,1,Senior,PL/SQL,SQL,68000.0,3000,68000.0,30,Full-time employee,Unlimited contract,English,1000+,Consulting / Agency,No
33.0,Male,Munich,Frontend Developer,10,6,Senior,JavaScript,"Python, Javascript / Typescript",100000.0,5000,90000.0,30,Full-time employee,Unlimited contract,English,101-1000,Startup,No
36.0,Male,Amsterdam,Mobile Developer,14,8,Senior,Swift,"Kotlin, Javascript / Typescript, AWS",75000.0,0,75000.0,20,Full-time employee,Unlimited contract,English,11-50,Consulting / Agency,No
36.0,Male,Regensburg,Software Engineer,10,10,Middle,C#,"Javascript / Typescript, .NET, SQL",66000.0,6000,58000.0,30,Full-time employee,Unlimited contract,German,51-100,Consulting / Agency,No
37.0,Male,Munich,DevOps,17,1,Senior,AWS,"AWS, Azure",90000.0,0,85000.0,30,Full-time employee,Unlimited contract,English,1000+,Consulting / Agency,No
30.0,Male,Berlin,Consultant,3,3,Middle,Java,"Python, R, SQL, Kubernetes, Docker",58000.0,0,42000.0,30,Full-time employee,Unlimited contract,English,101-1000,Startup,No
30.0,Male,Berlin,Software Engineer,11,1,Senior,Java / Scala,"Kotlin, Java / Scala, Clojure, Rust, AWS, Kubernetes, Docker",90000.0,90000,80000.0,29,Full-time employee,Unlimited contract,English,1000+,Product,No
27.0,Male,Krakow,QA Engineer,5,1,Senior,Java,Python,35000.0,0,35000.0,28,Full-time employee,Temporary contract,English,101-1000,Product,No
35.0,Male,Ingolstadt,Backend Developer,10,4,Lead,Magento,PHP,65000.0,0,60000.0,25,Full-time employee,Unlimited contract,English,11-50,Startup,No
29.0,Male,Berlin,Software Engineer,9,5,Senior,C++,"Python, C/C++, Rust, AWS, Kubernetes, Docker",73000.0,16000,73000.0,30,Full-time employee,Unlimited contract,English,1000+,Product,No
31.0,Male,Berlin,Backend Developer,4,2,Middle,Ruby on Rails,Javascript / Typescript,50000.0,0,50000.0,25,Full-time employee,Unlimited contract,English,11-50,Product,No
36.0,Male,Berlin,Mobile Developer,10,10,Middle,Android,Kotlin,68000.0,2000,65000.0,30,Full-time employee,Unlimited contract,English,1000+,Product,No
29.0,Male,Munich,Data Scientist,6,5,Middle,SQL,Python,70000.0,30000,60000.0,28,Full-time employee,Unlimited contract,English,1000+,Product,No
30.0,Male,Munich,Software Engineer,8,1,Senior,PHP,"Javascript / Typescript, SQL, Docker",68000.0,1500,65000.0,26,Full-time employee,Unlimited contract,English,51-100,Product,No
29.0,Male,Berlin,Backend Developer,5,5,Senior,Go,"Go, Google Cloud, Kubernetes, Docker",75000.0,0,70000.0,25,Full-time employee,Unlimited contract,English,101-1000,Product,No
34.0,Male,Berlin,Software Engineer,14,4,Lead,Java,"Kotlin, Javascript / Typescript, AWS, Kubernetes, Docker",95000.0,5000,92000.0,30,Full-time employee,Unlimited contract,English,1000+,Product,No
34.0,Male,Prague,Backend Developer,14,0,Lead,C#,"Javascript / Typescript, .NET, Azure, Kubernetes, Docker",90000.0,40000,70000.0,30,Full-time employee,Unlimited contract,English,1000+,Product,No
35.0,Male,Munich,Software Engineer,12,5,Lead,Python,"Javascript / Typescript, SQL, AWS, Docker",100000.0,10000,85000.0,30,Full-time employee,Unlimited contract,English,51-100,Product,No
44.0,Male,Munich,Software Architekt,20,20,Head,Java Backend,"Java / Scala, SQL, Docker",95000.0,15000,95000.0,30,Full-time employee,Unlimited contract,German,101-1000,Product,Yes
34.0,Male,Ingolstadt ,Software Engineer,3.5,3.5,Junior,C++,"Python, C/C++, Docker",55000.0,55000,53000.0,30,Full-time employee,Unlimited contract,German,1000+,Consulting / Agency,No
31.0,Male,Munich,Backend Developer,10,7,Senior,Ruby on Rails,"Python, Kotlin, Ruby, AWS, Docker",85000.0,85000,80000.0,27,Full-time employee,Unlimited contract,English,101-1000,Startup,No
24.0,Male,Berlin,Frontend Developer,5,2,Senior,TypeScript,Javascript / Typescript,68250.0,0,65000.0,27,Full-time employee,Unlimited contract,English,101-1000,Product,No
28.0,Male,Munich,Software Engineer,7,3,Middle,Java,"Kotlin, Java / Scala, Go, AWS, Kubernetes, Docker",63000.0,4000,63000.0,30,Full-time employee,Unlimited contract,English,101-1000,Product,No
39.0,Male,Berlin,QA Engineer,7,5,Senior,Java,"Kotlin, Google Cloud",76000.0,3000,65000.0,30,Full-time employee,Unlimited contract,English,1000+,Product,Yes
37.0,Male,Berlin,Mobile Developer,15,5,Senior,Android,Kotlin,84700.0,1000,83000.0,29,Full-time employee,Unlimited contract,English,101-1000,Product,No
32.0,Male,Munich,Software Engineer,10,5,Head,Scala,"Javascript / Typescript, Java / Scala, SQL, Go, AWS, Docker",95000.0,0,80000.0,24,Full-time employee,Unlimited contract,English,11-50,Startup,No
31.0,Male,Berlin,Backend Developer,9,5,Senior,Java,"Python, Javascript / Typescript, Java / Scala, SQL, AWS, Docker",70000.0,72000,70000.0,26,Full-time employee,Unlimited contract,English,51-100,Product,Yes
39.0,Male,Munich,IT Operations Manager,15,2,Lead,PHP,"Python, C/C++, Javascript / Typescript, Java / Scala, Perl, AWS, Docker, Networking, Data Center",110000.0,0,90000.0,28,Full-time employee,Unlimited contract,English,101-1000,E-commerce,No
26.0,Male,Saarbrücken,Frontend Developer,7,7,Middle,JavaScript,"Javascript / Typescript, Docker, HTML, CSS; Adobe XD",38350.0,40950,33800.0,27,Full-time employee,Unlimited contract,German,101-1000,Product,No
26.0,Male,Berlin,DevOps,2,2,Middle,yaml,"Python, AWS, Kubernetes, Docker, terraform, ansible",65000.0,6500,40000.0,30,Full-time employee,Unlimited contract,English,51-100,Startup,No
